,actor,titulo,tipo,año,episodios
0,DANIEL ALBALADEJO,Alumbramiento,Corto,2022,no hay info
1,DANIEL ALBALADEJO,La noche más larga,Miniserie de TV,2022,6 episodios
2,DANIEL ALBALADEJO,Cinco estrellas,Corto,2021,no hay info
3,DANIEL ALBALADEJO,El Cid,Serie de TV,2020–2021,10 episodios
4,DANIEL ALBALADEJO,Oculto,Corto,2021,no hay info
5,DANIEL ALBALADEJO,Cuéntame cómo pasó,Serie de TV,2021,5 episodios
6,DANIEL ALBALADEJO,Una vida asegurada,Corto,2019,no hay info
7,DANIEL ALBALADEJO,Hospital Valle Norte,Serie de TV,2019,1 episodio
8,DANIEL ALBALADEJO,Niña de trapo,Corto,2018,no hay info
9,DANIEL ALBALADEJO,El Barbero,Corto,2018,no hay info
10,DANIEL ALBALADEJO,El accidente,Serie de TV,2017–2018,10 episodios
11,DANIEL ALBALADEJO,Solo Dios perdona los pecados,Corto,2018,no hay info
12,DANIEL ALBALADEJO,Regreso al horizonte,no hay info,2017,no hay info
13,DANIEL ALBALADEJO,Fe de etarras,no hay info,2017,no hay info
14,DANIEL ALBALADEJO,Valores,Corto,2017,no hay info
15,DANIEL ALBALADEJO,Sé quién eres,Serie de TV,2017,1 episodio
16,DANIEL ALBALADEJO,Chiringuito de Pepe,Serie de TV,2016,1 episodio
17,DANIEL ALBALADEJO,Nini,Corto,2016,no hay info
18,DANIEL ALBALADEJO,Amar es para siempre,Serie de TV,2015,47 episodios
19,DANIEL ALBALADEJO,Tea & Sangria,no hay info,2014,no hay info
20,DANIEL ALBALADEJO,Isabel,Serie de TV,2012–2013,8 episodios
21,DANIEL ALBALADEJO,Jacobo,Corto,2012,no hay info
22,DANIEL ALBALADEJO,Carmina,Miniserie de TV,2012,1 episodio
23,DANIEL ALBALADEJO,Hoy quiero confesar,Miniserie de TV,2011,2 episodios
24,DANIEL ALBALADEJO,Vida loca,Serie de TV,2011,1 episodio
25,DANIEL ALBALADEJO,Aída,Serie de TV,2011,1 episodio
26,DANIEL ALBALADEJO,Inocentes,Miniserie de TV,2010,1 episodio
27,DANIEL ALBALADEJO,Adiós muñeca,Corto,2009,no hay info
28,DANIEL ALBALADEJO,Fibrilando,Serie de TV,2009,6 episodios
29,DANIEL ALBALADEJO,Camera café,Serie de TV,2005–2009,602 episodios
30,DANIEL ALBALADEJO,Acusados,Serie de TV,2009,13 episodios
31,DANIEL ALBALADEJO,Larga espera,Corto,2009,no hay info
32,DANIEL ALBALADEJO,El asombroso mundo de Borjamari y Pocholo,no hay info,2004,no hay info
33,DANIEL ALBALADEJO,Hospital Central,Serie de TV,2004,1 episodio
34,DANIEL ALBALADEJO,La sopa boba,Serie de TV,2004,1 episodio
35,DANIEL ALBALADEJO,Aquí no hay quien viva,Serie de TV,2004,1 episodio
36,DANIEL ALBALADEJO,Navidad en el Nilo,no hay info,2002,no hay info
37,ENRIQUE ASENJO,Reyes contra Santa,no hay info,2022,no hay info
38,ENRIQUE ASENJO,"Pocos, buenos y seguros",Corto,2022,no hay info
39,ENRIQUE ASENJO,Cardo,Serie de TV,2021,1 episodio
40,ENRIQUE ASENJO,Yrreal,Serie de TV,2021,1 episodio
41,ENRIQUE ASENJO,Competencia oficial,no hay info,2021,no hay info
42,ENRIQUE ASENJO,HIT,Serie de TV,2020,8 episodios
43,ENRIQUE ASENJO,La casa de papel,Serie de TV,2020,1 episodio
44,ENRIQUE ASENJO,Justo antes de Cristo,Serie de TV,2020,1 episodio
45,ENRIQUE ASENJO,El vecino,Serie de TV,2019,1 episodio
46,ENRIQUE ASENJO,La trinchera infinita,no hay info,2019,no hay info
47,ENRIQUE ASENJO,Señoras del (h)AMPA,Serie de TV,2019,1 episodio
48,ENRIQUE ASENJO,Mientras dure la guerra,no hay info,2019,no hay info
49,ENRIQUE ASENJO,14 de abril. La República,Serie de TV,2011–2019,14 episodios
50,ENRIQUE ASENJO,Velvet Colección,Serie de TV,2018,5 episodios
51,ENRIQUE ASENJO,Tiempos de guerra,Serie de TV,2017,2 episodios
52,ENRIQUE ASENJO,Ella es tu padre,Serie de TV,2017,1 episodio
53,ENRIQUE ASENJO,El Ministerio del Tiempo,Serie de TV,2017,1 episodio
54,ENRIQUE ASENJO,"Perdóname, Señor",Serie de TV,2017,5 episodios
55,ENRIQUE ASENJO,Lo que escondían sus ojos,Miniserie de TV,2016,1 episodio
56,ENRIQUE ASENJO,Que Dios nos perdone,no hay info,2016,no hay info
57,ENRIQUE ASENJO,Acacias 38,Serie de TV,2015–2016,11 episodios
58,ENRIQUE ASENJO,Centro médico,Serie de TV,2016,1 episodio
59,ENRIQUE ASENJO,Vacío,Corto,2015,no hay info
60,ENRIQUE ASENJO,Historias de Lavapiés,no hay info,2014,no hay info
61,ENRIQUE ASENJO,El tiempo entre costuras,Serie de TV,2013,5 episodios
62,ENRIQUE ASENJO,Niños robados,Miniserie de TV,2013,2 episodios
63,ENRIQUE ASENJO,Formen fila,Corto,2013,no hay info
64,ENRIQUE ASENJO,Frágiles,Serie de TV,2012,3 episodios
65,ENRIQUE ASENJO,El Silencio de Afrodita,Corto,2012,no hay info
66,ENRIQUE ASENJO,Arrayán,Serie de TV,2012,40 episodios
67,ENRIQUE ASENJO,Miel de naranjas,no hay info,2012,no hay info
68,ENRIQUE ASENJO,12+1: Una comedia metafísica,no hay info,2012,no hay info
69,ENRIQUE ASENJO,La pecera de Eva,Serie de TV,2010–2011,9 episodios
70,ENRIQUE ASENJO,Águila Roja,Serie de TV,2011,1 episodio
71,ENRIQUE ASENJO,La que se avecina,Serie de TV,2011,1 episodio
72,ENRIQUE ASENJO,Vida loca,Serie de TV,2011,1 episodio
73,ENRIQUE ASENJO,Impares,Serie de TV,2008–2010,5 episodios
74,ENRIQUE ASENJO,Impares premium,Serie de TV,2010,1 episodio
75,ENRIQUE ASENJO,El grifo,Corto,2010,no hay info
76,ENRIQUE ASENJO,No es lo que parece,Vídeo,2010,no hay info
77,ENRIQUE ASENJO,Aída,Serie de TV,2010,3 episodios
78,ENRIQUE ASENJO,Propios y extraños,no hay info,2010,no hay info
79,ENRIQUE ASENJO,Amar es para siempre,Serie de TV,2009–2010,7 episodios
80,ENRIQUE ASENJO,Acusados,Serie de TV,2010,1 episodio
81,ENRIQUE ASENJO,Bicho malo,Serie de TV,2009,1 episodio
82,ENRIQUE ASENJO,Paquirri,Miniserie de TV,2009,1 episodio
83,ENRIQUE ASENJO,8 citas,no hay info,2008,no hay info
84,ENRIQUE ASENJO,Círculo rojo,Serie de TV,2007,1 episodio
85,ENRIQUE ASENJO,Matrimonio con hijos,Serie de TV,2006,1 episodio
86,ENRIQUE ASENJO,Hospital Central,Serie de TV,2002–2005,3 episodios
87,ENRIQUE ASENJO,Cuéntame cómo pasó,Serie de TV,2002,1 episodio
88,ENRIQUE ASENJO,Viento del pueblo: Miguel Hernández,Miniserie de TV,2002,1 episodio
89,ENRIQUE ASENJO,Agente 700,Serie de TV,2001,1 episodio
90,ENRIQUE ASENJO,Aunque tú no lo sepas,no hay info,2000,no hay info
91,DAFNIS BALDUZ,Los renglones torcidos de Dios,no hay info,2022,no hay info
92,DAFNIS BALDUZ,Incidents,Miniserie de TV,2022,1 episodio
93,DAFNIS BALDUZ,Ayúdame,Corto,2022,no hay info
94,DAFNIS BALDUZ,Sentimos las molestias,Serie de TV,2022,1 episodio
95,DAFNIS BALDUZ,Ding Dong Pim Pam,Corto,2021,no hay info
96,DAFNIS BALDUZ,Molaphone,Corto,2021,no hay info
97,DAFNIS BALDUZ,Cuéntame cómo pasó,Serie de TV,2021,1 episodio
98,DAFNIS BALDUZ,Amor de cans,Serie de TV,2020–2021,8 episodios
99,DAFNIS BALDUZ,Dime quién soy,Serie de TV,2020–2021,9 episodios
100,DAFNIS BALDUZ,Los favoritos de Midas,Miniserie de TV,2020,3 episodios
101,DAFNIS BALDUZ,Malnazidos,no hay info,2020,no hay info
102,DAFNIS BALDUZ,Inés del alma mía,Serie de TV,2020,1 episodio
103,DAFNIS BALDUZ,Conte trencat,Corto,2020,no hay info
104,DAFNIS BALDUZ,Jo també em quedo a casa,Serie de TV,2020,20 episodios
105,DAFNIS BALDUZ,Juego de Niños,Corto,2020,no hay info
106,DAFNIS BALDUZ,Señoras del (h)AMPA,Serie de TV,2019,12 episodios
107,DAFNIS BALDUZ,El enigma Verdaguer,Película de TV,2019,no hay info
108,DAFNIS BALDUZ,Mientras dure la guerra,no hay info,2019,no hay info
109,DAFNIS BALDUZ,El cerro de los dioses,no hay info,2019,no hay info
110,DAFNIS BALDUZ,El día de mañana,Serie de TV,2018,3 episodios
111,DAFNIS BALDUZ,Jauría,Corto,2018,no hay info
112,DAFNIS BALDUZ,El incidente,Serie de TV,2017,5 episodios
113,DAFNIS BALDUZ,Velvet Colección,Serie de TV,2017,1 episodio
114,DAFNIS BALDUZ,Nit i dia,Serie de TV,2017,4 episodios
115,DAFNIS BALDUZ,"Jo, Ramon Llull",Película de TV,2016,no hay info
116,DAFNIS BALDUZ,Formas de jugar,Corto,2015,no hay info
117,DAFNIS BALDUZ,"Carlos, rey emperador",Serie de TV,2015,1 episodio
118,DAFNIS BALDUZ,Hablar,no hay info,2015,no hay info
119,DAFNIS BALDUZ,El dia 9,Miniserie de TV,2014,1 episodio
120,DAFNIS BALDUZ,Amar es para siempre,Serie de TV,2014,73 episodios
121,DAFNIS BALDUZ,"Kubala, Moreno i Manchón",Serie de TV,2014,1 episodio
122,DAFNIS BALDUZ,La soledad del Cormorán,Corto,2013,no hay info
123,DAFNIS BALDUZ,Un día especial,Corto,2013,no hay info
124,DAFNIS BALDUZ,Ruleta,Corto,2013,no hay info
125,DAFNIS BALDUZ,Desclassificats,Película de TV,2013,no hay info
126,DAFNIS BALDUZ,Psychophony,no hay info,2012,no hay info
127,DAFNIS BALDUZ,13 maneres de quedar-se sol,Serie de TV,2012,1 episodio
128,DAFNIS BALDUZ,"New York, New York",Corto,2012,no hay info
129,DAFNIS BALDUZ,Des d'Egipte (sense tu),Serie de TV,2012,no hay info
130,DAFNIS BALDUZ,Mi ritual,Corto,2011,no hay info
131,DAFNIS BALDUZ,14 d'abril. Macià contra Companys,Película de TV,2011,no hay info
132,DAFNIS BALDUZ,Drugstore Love,Corto,2011,no hay info
133,DAFNIS BALDUZ,Ermessenda,Miniserie de TV,2011,2 episodios
134,DAFNIS BALDUZ,Mil cretinos,no hay info,2011,no hay info
135,DAFNIS BALDUZ,Gavilanes,Serie de TV,2010,1 episodio
136,DAFNIS BALDUZ,La familia de mi novia,Corto,2010,no hay info
137,DAFNIS BALDUZ,Ventdelplà,Serie de TV,2005–2010,80 episodios
138,DAFNIS BALDUZ,Lo más importante de la vida es no haber muerto,no hay info,2010,no hay info
139,DAFNIS BALDUZ,Todas las familias felices,Corto,2009,no hay info
140,DAFNIS BALDUZ,Xtrems,no hay info,2009,no hay info
141,DAFNIS BALDUZ,Tres dies amb la família,no hay info,2009,no hay info
142,DAFNIS BALDUZ,Forasteros,no hay info,2008,no hay info
143,DAFNIS BALDUZ,Espléndido,Corto,2008,no hay info
144,DAFNIS BALDUZ,A las tres de la tarde,Corto,2008,no hay info
145,DAFNIS BALDUZ,Hospital Central,Serie de TV,2004,1 episodio
146,DAFNIS BALDUZ,Jugar a matar,Película de TV,2003,no hay info
147,DAFNIS BALDUZ,La isla del holandés,no hay info,2001,no hay info
148,DAFNIS BALDUZ,Pagats per riure,Serie de TV,2001,no hay info
149,DAFNIS BALDUZ,La ciudad de los prodigios,no hay info,1999,no hay info
150,DAFNIS BALDUZ,Dues dones,Película de TV,1998,no hay info
151,MARINA BELLATI,Adios Buenos Aires,no hay info,2023,no hay info
152,MARINA BELLATI,El Gerente,no hay info,2022,no hay info
153,MARINA BELLATI,Lunáticos,no hay info,2022,no hay info
154,MARINA BELLATI,Supernova,Miniserie de TV,2022,4 episodios
155,MARINA BELLATI,Maradona: Sueño bendito,Serie de TV,2021,4 episodios
156,MARINA BELLATI,Inconvivencia,Miniserie de TV,2019,10 episodios
157,MARINA BELLATI,Los adoptantes,no hay info,2019,no hay info
158,MARINA BELLATI,100 días para enamorarse,Serie de TV,2018,45 episodios
159,MARINA BELLATI,El Host,Miniserie de TV,2018,1 episodio
160,MARINA BELLATI,All Inclusive,no hay info,2018,no hay info
161,MARINA BELLATI,Sandro de América,Miniserie de TV,2018,2 episodios
162,MARINA BELLATI,Mater,no hay info,2017,no hay info
163,MARINA BELLATI,Loco x vos,Serie de TV,2016,65 episodios
164,MARINA BELLATI,Me case con un boludo,no hay info,2016,no hay info
165,MARINA BELLATI,La verdad,Miniserie de TV,2015,no hay info
166,MARINA BELLATI,Sin hijos,no hay info,2015,no hay info
167,MARINA BELLATI,Noche & Día,Serie de TV,2014,58 episodios
168,MARINA BELLATI,Las insoladas,no hay info,2014,no hay info
169,MARINA BELLATI,Betibú,no hay info,2014,no hay info
170,MARINA BELLATI,Solamente vos,Serie de TV,2013,87 episodios
171,MARINA BELLATI,Los únicos,Serie de TV,2011–2012,58 episodios
172,MARINA BELLATI,Salón Royale,Corto,2011,no hay info
173,MARINA BELLATI,Malparida,Serie de TV,2010,48 episodios
174,JORGE CALVO,"Calle de la Humanidad, 8",,2021,
175,JORGE CALVO,El Cover,,2021,
176,JORGE CALVO,Veneno,Miniserie de TV,2020,1 episodio
177,JORGE CALVO,Sancho,Corto,2019,no hay info
178,JORGE CALVO,Indetectables,Serie de TV,2018,1 episodio
179,JORGE CALVO,El hombre que mató a don Quijote,no hay info,2018,no hay info
180,JORGE CALVO,La punta del iceberg,no hay info,2016,no hay info
181,JORGE CALVO,Isabel,Serie de TV,2014,4 episodios
182,JORGE CALVO,El amor me queda grande,Corto,2014,no hay info
183,JORGE CALVO,El secreto de Puente Viejo,Serie de TV,2013,1 episodio
184,JORGE CALVO,Como estrellas fugaces,no hay info,2012,no hay info
185,JORGE CALVO,Amar es para siempre,Serie de TV,2011–2012,242 episodios
186,JORGE CALVO,Taboulé,Corto,2011,no hay info
187,JORGE CALVO,5ºB Escalera dcha.,Corto,2011,no hay info
188,JORGE CALVO,Nacidas para sufrir,no hay info,2009,no hay info
189,JORGE CALVO,Los años desnudos (Clasificada S),no hay info,2008,no hay info
190,JORGE CALVO,¡¡¡Todas!!!,Corto,2007,no hay info
191,JORGE CALVO,I Viceré,no hay info,2007,no hay info
192,JORGE CALVO,Miguel y William,no hay info,2007,no hay info
193,JORGE CALVO,Con dos tacones,Serie de TV,2006,2 episodios
194,JORGE CALVO,Desde que amanece apetece,no hay info,2005,no hay info
195,JORGE CALVO,Cachorro,no hay info,2004,no hay info
196,JORGE CALVO,La caja 507,no hay info,2002,no hay info
197,JORGE CALVO,Manos a la obra,Serie de TV,1998–2000,100 episodios
198,JORGE CALVO,Franco no puede morir en la cama,Corto,1999,no hay info
199,JORGE CALVO,La casa de los líos,Serie de TV,1996–1999,6 episodios
200,JORGE CALVO,El nacimiento de un imperio,Corto,1998,no hay info
201,JORGE CALVO,Todos los hombres sois iguales,Serie de TV,1998,1 episodio
202,JORGE CALVO,Más que amigos,Serie de TV,1997,1 episodio
203,JORGE CALVO,La duquesa roja,no hay info,1997,no hay info
204,JORGE CALVO,Los ladrones van a la oficina,Serie de TV,1993–1995,11 episodios
205,JORGE CALVO,Villarriba y Villabajo,Serie de TV,1995,1 episodio
206,JORGE CALVO,Los hombres siempre mienten,no hay info,1995,no hay info
207,JORGE CALVO,Farmacia de guardia,Serie de TV,1995,1 episodio
208,JORGE CALVO,El alquiler,Corto,1994,no hay info
209,JORGE CALVO,Al otro lado del túnel,no hay info,1994,no hay info
210,PEDRO CARVALHO,O Segundo Homem,no hay info,2022,no hay info
211,PEDRO CARVALHO,Amor Amor,Serie de TV,2021,202 episodios
212,PEDRO CARVALHO,Casa Feliz,Serie de TV,2021,1 episodio
213,PEDRO CARVALHO,Terra Nova,Serie de TV,2020,13 episodios
214,PEDRO CARVALHO,A Dona do Pedaço,Serie de TV,2019,109 episodios
215,PEDRO CARVALHO,Portugal Não Está à Venda,no hay info,2019,no hay info
216,PEDRO CARVALHO,O Outro Lado do Paraíso,Serie de TV,2017–2018,72 episodios
217,PEDRO CARVALHO,Escrava Mãe,Serie de TV,2016–2017,159 episodios
218,PEDRO CARVALHO,Ouro Verde,Serie de TV,2017,221 episodios
219,PEDRO CARVALHO,Massa Fresca,Serie de TV,2016,70 episodios
220,PEDRO CARVALHO,O Amor É Lindo... Porque Sim!,no hay info,2016,no hay info
221,PEDRO CARVALHO,O Beijo do Escorpião,Serie de TV,2014,200 episodios
222,PEDRO CARVALHO,Mundo ao Contrário,Serie de TV,2013,59 episodios
223,PEDRO CARVALHO,Remédio Santo,Serie de TV,2011–2012,408 episodios
224,PEDRO CARVALHO,Morangos com Açúcar - O Filme,no hay info,2012,no hay info
225,PEDRO CARVALHO,Catarina e os Outros,Corto,2011,no hay info
226,PEDRO CARVALHO,Mar de Paixão,Serie de TV,2010–2011,352 episodios
227,PEDRO CARVALHO,O Dia Mais Longo,Corto,2010,no hay info
228,PEDRO CARVALHO,We Are Watching You,no hay info,2010,no hay info
229,PEDRO CARVALHO,37,Serie de TV,2010,6 episodios
230,PEDRO CARVALHO,Flor do Mar,Serie de TV,2008–2009,309 episodios
231,PEDRO CARVALHO,A Outra,Serie de TV,2008,218 episodios
232,PEDRO CARVALHO,Morangos com Açúcar,Serie de TV,2006–2007,91 episodios
233,PEDRO CARVALHO,A Escritora Italiana,no hay info,2007,no hay info
234,PEDRO CARVALHO,Tu e Eu,Serie de TV,2007,2 episodios
235,PEDRO CARVALHO,Adeus ao Menino Eu,Corto,2007,no hay info
236,PEDRO CARVALHO,Verão Azul,Vídeo,2006,no hay info
237,PEDRO CARVALHO,Diário de Sofia,Serie de TV,2006,1 episodio
238,PEDRO CARVALHO,Mistura Fina,Serie de TV,2005,2 episodios
239,FEDE CELADA,Los hombres de Paco,Serie de TV,2005–2021,118 episodios
240,FEDE CELADA,La vida que no es nuestra,no hay info,2021,no hay info
241,FEDE CELADA,Amar es para siempre,Serie de TV,2019–2020,252 episodios
242,FEDE CELADA,Las chicas del cable,Serie de TV,2020,1 episodio
243,FEDE CELADA,Conducta animal,no hay info,2018,no hay info
244,FEDE CELADA,Cruzados,no hay info,2013,no hay info
245,FEDE CELADA,La hora de José Mota,Serie de TV,2009,1 episodio
246,FEDE CELADA,Malas noticias,no hay info,2008,no hay info
247,FEDE CELADA,La noche que dejó de llover,no hay info,2008,no hay info
248,FEDE CELADA,Lex,Serie de TV,2008,1 episodio
249,FEDE CELADA,Macarra,Vídeo,2006,no hay info
250,FEDE CELADA,La caja Kovak,no hay info,2006,no hay info
251,FEDE CELADA,Interior (noche),no hay info,2005,no hay info
252,FEDE CELADA,El comisario,Serie de TV,2002–2005,2 episodios
253,FEDE CELADA,La semana que viene (sin falta),no hay info,2005,no hay info
254,FEDE CELADA,Fin de curso,no hay info,2005,no hay info
255,FEDE CELADA,Ana y los 7,Serie de TV,2005,2 episodios
256,FEDE CELADA,Los Serrano,Serie de TV,2005,1 episodio
257,FEDE CELADA,Hospital Central,Serie de TV,2001–2003,3 episodios
258,FEDE CELADA,El elefante del rey,Corto,2003,no hay info
259,FEDE CELADA,Slam,no hay info,2003,no hay info
260,FEDE CELADA,Diario de una becaria,no hay info,2003,no hay info
261,FEDE CELADA,El robo más grande jamás contado,no hay info,2002,no hay info
262,FEDE CELADA,Mexicano,Corto,2002,no hay info
263,FEDE CELADA,El viejo que leía novelas de amor,no hay info,2001,no hay info
264,FEDE CELADA,"Robles, investigador",Serie de TV,2001,1 episodio
265,FEDE CELADA,El figurante,Corto,2000,no hay info
266,FEDE CELADA,Báilame el agua,no hay info,2000,no hay info
267,FEDE CELADA,Pleno al quince,Película de TV,1999,no hay info
268,FEDE CELADA,Manos a la obra,Serie de TV,1998–1999,2 episodios
269,FEDE CELADA,Muertos de risa,no hay info,1999,no hay info
270,FEDE CELADA,Señor Alcalde,Serie de TV,1998,5 episodios
271,FEDE CELADA,La vida en el aire,Serie de TV,1998,4 episodios
272,FEDE CELADA,Canguros,Serie de TV,1994–1997,11 episodios
273,FEDE CELADA,La casa de los líos,Serie de TV,1997,2 episodios
274,FEDE CELADA,Contigo pan y cebolla,Serie de TV,1997,1 episodio
275,FEDE CELADA,Este es mi barrio,Serie de TV,1996,2 episodios
276,FEDE CELADA,"¡Ay, Señor, Señor!",Serie de TV,1994,1 episodio
277,JAVI COLL,Deudas,Serie de TV,2021,13 episodios
278,JAVI COLL,Señoras del (h)AMPA,Serie de TV,2020,3 episodios
279,JAVI COLL,White Lines,Serie de TV,2020,7 episodios
280,JAVI COLL,La línea invisible,Serie de TV,2020,2 episodios
281,JAVI COLL,Capítulo 0,Serie de TV,2019,1 episodio
282,JAVI COLL,Criminal: España,Miniserie de TV,2019,1 episodio
283,JAVI COLL,Sancho,Corto,2019,no hay info
284,JAVI COLL,El pueblo,Serie de TV,2019,1 episodio
285,JAVI COLL,Sabuesos,Serie de TV,2018,1 episodio
286,JAVI COLL,Colegas,Serie de TV,2017–2018,6 episodios
287,JAVI COLL,Fe de etarras,no hay info,2017,no hay info
288,JAVI COLL,Gym Tony,Serie de TV,2015–2017,171 episodios
289,JAVI COLL,Villaviciosa de al lado,no hay info,2016,no hay info
290,JAVI COLL,"Sarasate, el rey del violín",no hay info,2016,no hay info
291,JAVI COLL,Aquí Paz y después Gloria,Serie de TV,2015,1 episodio
292,JAVI COLL,Anclados,Serie de TV,2015,1 episodio
293,JAVI COLL,Lapso,Corto,2015,no hay info
294,JAVI COLL,La que se avecina,Serie de TV,2014,1 episodio
295,JAVI COLL,"B&b, de boca en boca",Serie de TV,2014,1 episodio
296,JAVI COLL,Con el culo al aire,Serie de TV,2013,1 episodio
297,JAVI COLL,Amar es para siempre,Serie de TV,2013,41 episodios
298,JAVI COLL,Al final todos mueren,no hay info,2013,no hay info
299,JAVI COLL,Depresión,Corto,2012,no hay info
300,JAVI COLL,Hospital Central,Serie de TV,2008–2012,3 episodios
301,JAVI COLL,El Rastrillo se quiere comprometer,Corto,2012,no hay info
302,JAVI COLL,B.Volkov: Exp. nº 145.382,Corto,2012,no hay info
303,JAVI COLL,Cuéntame cómo pasó,Serie de TV,2011,1 episodio
304,JAVI COLL,Punta Escarlata,Serie de TV,2011,8 episodios
305,JAVI COLL,¿De qué se ríen las hienas?,Corto,2011,no hay info
306,JAVI COLL,Doctor Mateo,Serie de TV,2009–2011,44 episodios
307,JAVI COLL,La última secuencia,Corto,2010,no hay info
308,JAVI COLL,La tira,Serie de TV,2008–2010,17 episodios
309,JAVI COLL,Distorsion: La Webserie,Miniserie de TV,2010,no hay info
310,JAVI COLL,Pájaros de papel,no hay info,2010,no hay info
311,JAVI COLL,Los abrazos rotos,no hay info,2009,no hay info
312,JAVI COLL,5 minutos de cortesía japonesa,Corto,2009,no hay info
313,JAVI COLL,Golgota,Corto,2008,no hay info
314,JAVI COLL,Lex,Serie de TV,2008,1 episodio
315,JAVI COLL,Romper con el maltrato,no hay info,2008,no hay info
316,JAVI COLL,Los hombres de Paco,Serie de TV,2008,1 episodio
317,JAVI COLL,Aída,Serie de TV,2008,1 episodio
318,JAVI COLL,Mortadelo y Filemón. Misión: Salvar la Tierra,no hay info,2008,no hay info
319,JAVI COLL,Gominolas,Serie de TV,2007,1 episodio
320,JAVI COLL,"Génesis, en la mente del asesino",Serie de TV,2007,1 episodio
321,JAVI COLL,Masala,Película de TV,2007,no hay info
322,JAVI COLL,El comisario,Serie de TV,2006,1 episodio
323,JAVI COLL,Vete de mí,no hay info,2006,no hay info
324,JAVI COLL,Tirando a dar,Serie de TV,2006,2 episodios
325,JAVI COLL,"Peor imposible, ¿qué puede fallar?",no hay info,2002,no hay info
326,JAVI COLL,Anti-making of: Gente Pez,Vídeo,2002,no hay info
327,JAVI COLL,El botones Sacarino,Serie de TV,2001,1 episodio
328,JAVI COLL,"Jacinto Durante, representante",Serie de TV,2000,1 episodio
329,JAVI COLL,Raquel busca su sitio,Serie de TV,2000,2 episodios
330,JAVI COLL,Puerta con puerta,Serie de TV,1999,1 episodio
331,JAVI COLL,Tío Willy,Serie de TV,1998–1999,2 episodios
332,JAVI COLL,Hermanas,Serie de TV,1998,1 episodio
333,JAVI COLL,Manos a la obra,Serie de TV,1998,1 episodio
334,JAVI COLL,Señor Alcalde,Serie de TV,1998,1 episodio
335,JAVI COLL,Este es mi barrio,Serie de TV,1997,1 episodio
336,JAVI COLL,Cyberclub,Serie de TV,1997,no hay info
337,JAVI COLL,Mambrú,Corto,1996,no hay info
338,JAVI COLL,Aquí hay negocio,Serie de TV,1995,no hay info
339,JAVI COLL,Farmacia de guardia,Serie de TV,1994,1 episodio
340,PATRICK CRIADO,"Has estado, hace tiempo",Corto,2022,no hay info
341,PATRICK CRIADO,Remember why you started,Corto,2022,no hay info
342,PATRICK CRIADO,La casa de papel,Serie de TV,2021,6 episodios
343,PATRICK CRIADO,Bajocero,no hay info,2021,no hay info
344,PATRICK CRIADO,Antidisturbios,Serie de TV,2020,6 episodios
345,PATRICK CRIADO,La línea invisible,Serie de TV,2020,6 episodios
346,PATRICK CRIADO,Vivir sin permiso,Serie de TV,2018–2020,13 episodios
347,PATRICK CRIADO,Asesinato en la Universidad,Película de TV,2018,no hay info
348,PATRICK CRIADO,Mar de plástico,Serie de TV,2015–2016,26 episodios
349,PATRICK CRIADO,El padre de Caín,Miniserie de TV,2016,1 episodio
350,PATRICK CRIADO,1898. Los últimos de Filipinas,no hay info,2016,no hay info
351,PATRICK CRIADO,El Ministerio del Tiempo,Serie de TV,2016,1 episodio
352,PATRICK CRIADO,Águila Roja,Serie de TV,2009–2015,90 episodios
353,PATRICK CRIADO,El aspirante,Corto,2015,no hay info
354,PATRICK CRIADO,El club de los incomprendidos,no hay info,2014,no hay info
355,PATRICK CRIADO,El Rey,Miniserie de TV,2014,2 episodios
356,PATRICK CRIADO,Todos están muertos,no hay info,2014,no hay info
357,PATRICK CRIADO,Niños robados,Miniserie de TV,2013,2 episodios
358,PATRICK CRIADO,La gran familia española,no hay info,2013,no hay info
359,PATRICK CRIADO,"Águila Roja, la película",no hay info,2011,no hay info
360,PATRICK CRIADO,Los girasoles ciegos,no hay info,2008,no hay info
361,PATRICK CRIADO,Carlitos y el campo de los sueños,no hay info,2008,no hay info
362,PATRICK CRIADO,Las 13 rosas,no hay info,2007,no hay info
363,PATRICK CRIADO,El comisario,Serie de TV,2005–2006,3 episodios
364,PATRICK CRIADO,Con dos tacones,Serie de TV,2006,8 episodios
365,JASON DAY,El agente nocturno,Serie de TV,2023,1 episodio
366,JASON DAY,El inmortal,Serie de TV,2022,8 episodios
367,JASON DAY,Alaska Daily,Serie de TV,2022,1 episodio
368,JASON DAY,Snake Eyes: el origen,no hay info,2021,no hay info
369,JASON DAY,"Decisiones: Unos Ganan, Otros Pierden",Serie de TV,2020,1 episodio
370,JASON DAY,Jugar con Fuego,Serie de TV,2019,10 episodios
371,JASON DAY,Venganza,Serie de TV,2017,124 episodios
372,JASON DAY,2091,Serie de TV,2016–2017,12 episodios
373,JASON DAY,Atacada: la teoría del dolor,no hay info,2015,no hay info
374,JASON DAY,The Tracks,Corto,2014,no hay info
375,JASON DAY,Clamor En El Barrio,Serie de TV,2013,no hay info
376,JASON DAY,"La Tayson, corazón rebelde",Serie de TV,2012,185 episodios
377,JASON DAY,El Capo,Serie de TV,2012,2 episodios
378,JASON DAY,30 Beats,no hay info,2012,no hay info
379,JASON DAY,Lalola,Serie de TV,2011,1 episodio
380,JASON DAY,Dioses,no hay info,2008,no hay info
381,JASON DAY,Esta sociedad,Serie de TV,2006–2008,19 episodios
382,JASON DAY,Máncora,no hay info,2008,no hay info
383,JASON DAY,La gran sangre - La pelicula,no hay info,2007,no hay info
384,ANDREA DUESO,Madres. Amor y vida,Serie de TV,2022,2 episodios
385,ANDREA DUESO,"Señor, dame paciencia",Serie de TV,2022,1 episodio
386,ANDREA DUESO,Desaparecidos,Serie de TV,2020,1 episodio
387,ANDREA DUESO,Las chicas del cable,Serie de TV,2019,1 episodio
388,ANDREA DUESO,Brigada Costa del Sol,Serie de TV,2019,3 episodios
389,ANDREA DUESO,Hubiéramos,Corto,2018,no hay info
390,ANDREA DUESO,Servir y proteger,Serie de TV,2018,3 episodios
391,ANDREA DUESO,11D. Una mañana de invierno.,Película de TV,2017,no hay info
392,ANDREA DUESO,Menu,Corto,2017,no hay info
393,ANDREA DUESO,Side B,no hay info,2017,no hay info
394,ANDREA DUESO,Que Dios nos perdone,no hay info,2016,no hay info
395,ANDREA DUESO,Centro médico,Serie de TV,2016,1 episodio
396,ANDREA DUESO,El secreto de Puente Viejo,Serie de TV,2015,1 episodio
397,ANDREA DUESO,Ciega a citas,Serie de TV,2014,22 episodios
398,ANDREA DUESO,Parasomnia,Corto,2014,no hay info
399,ANDREA DUESO,Me llaman búho,Corto,2013,no hay info
400,ANDREA DUESO,Encontrados en NYC,no hay info,2013,no hay info
401,ANDREA DUESO,Fito & Pitchi,Corto,2013,no hay info
402,ANDREA DUESO,Afterparty,no hay info,2013,no hay info
403,ANDREA DUESO,Saras,Corto,2012,no hay info
404,ANDREA DUESO,Contigo,Corto,2012,no hay info
405,ANDREA DUESO,Las crónicas de Maia,Serie de TV,2011–2012,8 episodios
406,ANDREA DUESO,Toledo,Serie de TV,2012,2 episodios
407,ANDREA DUESO,Arrayán,Serie de TV,2007–2011,2 episodios
408,ANDREA DUESO,Vida loca,Serie de TV,2011,1 episodio
409,ANDREA DUESO,Física o química,Serie de TV,2011,3 episodios
410,ANDREA DUESO,Amar es para siempre,Serie de TV,2008–2011,69 episodios
411,ANDREA DUESO,Los secretos de Miren,Corto,2011,no hay info
412,ANDREA DUESO,Luz,Corto,2010,no hay info
413,ANDREA DUESO,La que se avecina,Serie de TV,2010,1 episodio
414,ANDREA DUESO,Marina,Corto,2010,no hay info
415,ANDREA DUESO,Hay alguien ahí,Serie de TV,2010,5 episodios
416,ANDREA DUESO,Los exitosos Pells,Serie de TV,2009,2 episodios
417,ANDREA DUESO,U.C.O. (Unidad Central Operativa),Serie de TV,2009,1 episodio
418,ANDREA DUESO,El castigo,Miniserie de TV,2008,1 episodio
419,ANDREA DUESO,Impares,Serie de TV,2008,1 episodio
420,ANDREA DUESO,El encuentro,Corto,2007,no hay info
421,ANDREA DUESO,"SMS, sin miedo a soñar",Serie de TV,2006,1 episodio
422,ANDREA DUESO,Corta-t,Serie de TV,2005,7 episodios
423,ANDREA DUESO,Hospital Central,Serie de TV,2005,1 episodio
424,ANDREA DUESO,Ana y los 7,Serie de TV,2005,1 episodio
425,EUDALD FONT,Unicornios,no hay info,2023,no hay info
426,EUDALD FONT,Historias para no contar,no hay info,2022,no hay info
427,EUDALD FONT,Bienvenidos a Edén,Serie de TV,2022,1 episodio
428,EUDALD FONT,Alirón 2 (el descanso),Corto,2022,no hay info
429,EUDALD FONT,En attendant mai,no hay info,2021,no hay info
430,EUDALD FONT,El inocente,Miniserie de TV,2021,4 episodios
431,EUDALD FONT,El secreto de Puente Viejo,Serie de TV,2020,15 episodios
432,EUDALD FONT,Alirón,Corto,2019,no hay info
433,EUDALD FONT,45 Revoluciones,Serie de TV,2019,12 episodios
434,EUDALD FONT,Casa de sudor y lágrimas,no hay info,2018,no hay info
435,EUDALD FONT,La Última Cena,Corto,2018,no hay info
436,EUDALD FONT,Criaturas de la Noche,Corto,2018,no hay info
437,EUDALD FONT,Yo nunca,Corto,2018,no hay info
438,EUDALD FONT,Jean-François y el sentido de la vida,no hay info,2018,no hay info
439,EUDALD FONT,Versátil,Corto,2017,no hay info
440,EUDALD FONT,Estudi d'actors,Serie de TV,2017,8 episodios
441,EUDALD FONT,Réquiem por un asesino,no hay info,2017,no hay info
442,EUDALD FONT,"Diuen, Diuen",Corto,2017,no hay info
443,EUDALD FONT,I Love Her,no hay info,2016,no hay info
444,EUDALD FONT,Space Men,Serie de TV,2014–2016,10 episodios
445,EUDALD FONT,Barcelona 92,no hay info,2016,no hay info
446,EUDALD FONT,El ritual de la felicidad,Corto,2015,no hay info
447,EUDALD FONT,Las amigas de Àgata,no hay info,2015,no hay info
448,EUDALD FONT,"Diògenes, el gos",Corto,2014,no hay info
449,EUDALD FONT,Relación abierta,Corto,2014,no hay info
450,EVA ISANTA,La que se avecina,Serie de TV,2007–2022,178 episodios
451,EVA ISANTA,"Bien, bien",Corto,2021,no hay info
452,EVA ISANTA,¡A todo tren! Destino Asturias,no hay info,2021,no hay info
453,EVA ISANTA,Mercado Central,Serie de TV,2020–2021,43 episodios
454,EVA ISANTA,Ellos,Corto,2017,no hay info
455,EVA ISANTA,Fe,Corto,2017,no hay info
456,EVA ISANTA,El hombre de tu vida,Serie de TV,2016,1 episodio
457,EVA ISANTA,Hada,Corto,2015,no hay info
458,EVA ISANTA,Decrescendo,Corto,2013,no hay info
459,EVA ISANTA,Padres,Corto,2011,no hay info
460,EVA ISANTA,Penalty,Corto,2006,no hay info
461,EVA ISANTA,Aquí no hay quien viva,Serie de TV,2004–2006,71 episodios
462,EVA ISANTA,Amores circulares,Corto,2004,no hay info
463,EVA ISANTA,El dolor y la lluvia,Corto,2003,no hay info
464,EVA ISANTA,Ana y los 7,Serie de TV,2003,1 episodio
465,EVA ISANTA,La vida de Rita,Serie de TV,2003,1 episodio
466,EVA ISANTA,Hospital Central,Serie de TV,2002,1 episodio
467,EVA ISANTA,Desenlace,Serie de TV,2002,1 episodio
468,EVA ISANTA,"Jacinto Durante, representante",Serie de TV,2000,13 episodios
469,EVA ISANTA,Petra Delicado,Serie de TV,1999,1 episodio
470,EVA ISANTA,Compañeros,Serie de TV,1998,1 episodio
471,EVA ISANTA,Pasen y vean,Serie de TV,1997,1 episodio
472,EVA ISANTA,Licántropo: El asesino de la luna llena,no hay info,1997,no hay info
473,EVA ISANTA,Colegio mayor,Serie de TV,1996–1997,21 episodios
474,EVA ISANTA,Por fin solos,Serie de TV,1995,1 episodio
475,EVA ISANTA,Farmacia de guardia,Serie de TV,1992–1995,16 episodios
476,EVA ISANTA,Aquí hay negocio,Serie de TV,1995,no hay info
477,EVA ISANTA,Villa Rosaura,Serie de TV,1994,13 episodios
478,EVA ISANTA,¡Por fin solos!,no hay info,1994,no hay info
479,EVA ISANTA,Habitación 503,Serie de TV,1994,1 episodio
480,JORGE KENT,Asedio,no hay info,2023,no hay info
481,JORGE KENT,Kosta (The paradise),Serie de TV,2022,3 episodios
482,JORGE KENT,El establo,Corto,2022,no hay info
483,JORGE KENT,Ellie,Corto,2022,no hay info
484,JORGE KENT,HIT,Serie de TV,2021,7 episodios
485,JORGE KENT,Los hombres de Paco,Serie de TV,2021,13 episodios
486,JORGE KENT,Desaparecidos,Serie de TV,2020,1 episodio
487,JORGE KENT,Mentiras,Serie de TV,2020,2 episodios
488,JORGE KENT,La catedral del mar,Serie de TV,2018,1 episodio
489,JORGE KENT,El secreto de Puente Viejo,Serie de TV,2018,1 episodio
490,JORGE KENT,La que se avecina,Serie de TV,2017,1 episodio
491,JORGE KENT,Vergüenza,Serie de TV,2017,1 episodio
492,JORGE KENT,El Ministerio del Tiempo,Serie de TV,2017,1 episodio
493,JORGE KENT,La niebla y la doncella,no hay info,2017,no hay info
494,JORGE KENT,Víctor Ros,Serie de TV,2016,1 episodio
495,JOSEP LINUESA,Enemigo Íntimo,Serie de TV,2020,17 episodios
496,JOSEP LINUESA,El Dragón: El regreso de un guerrero,Serie de TV,2020,2 episodios
497,JOSEP LINUESA,Caronte,Serie de TV,2020,1 episodio
498,JOSEP LINUESA,Las del hockey,Serie de TV,2019,13 episodios
499,JOSEP LINUESA,Hospital Valle Norte,Serie de TV,2019,4 episodios
500,JOSEP LINUESA,Torre de narcos,Serie de TV,2018,12 episodios
501,JOSEP LINUESA,Blackwood,no hay info,2018,no hay info
502,JOSEP LINUESA,De la ley a la ley,Película de TV,2017,no hay info
503,JOSEP LINUESA,Cuéntame cómo pasó,Serie de TV,2016,3 episodios
504,JOSEP LINUESA,Cites,Serie de TV,2015–2016,2 episodios
505,JOSEP LINUESA,La Riera,Serie de TV,2015–2016,9 episodios
506,JOSEP LINUESA,Sólo química,no hay info,2015,no hay info
507,JOSEP LINUESA,El Ministerio del Tiempo,Serie de TV,2015,1 episodio
508,JOSEP LINUESA,Los misterios de Laura,Serie de TV,2014,5 episodios
509,JOSEP LINUESA,Amar es para siempre,Serie de TV,2013,101 episodios
510,JOSEP LINUESA,"Rocío Dúrcal, volver a verte",Miniserie de TV,2011,2 episodios
511,JOSEP LINUESA,L'edèn,Película de TV,2010,no hay info
512,JOSEP LINUESA,Supercharly,Serie de TV,2010,5 episodios
513,JOSEP LINUESA,El cónsul de Sodoma,no hay info,2009,no hay info
514,JOSEP LINUESA,Hasta mañana,no hay info,2009,no hay info
515,JOSEP LINUESA,Sin tetas no hay paraíso,Serie de TV,2008–2009,20 episodios
516,JOSEP LINUESA,Manolete,no hay info,2008,no hay info
517,JOSEP LINUESA,"SMS, sin miedo a soñar",Serie de TV,2006–2007,123 episodios
518,JOSEP LINUESA,Mi último verano con Marián,Película de TV,2007,no hay info
519,JOSEP LINUESA,Vida robada,Película de TV,2006,no hay info
520,JOSEP LINUESA,Ellas y el sexo débil,Serie de TV,2006,2 episodios
521,JOSEP LINUESA,Beatriz Barcelona,no hay info,2006,no hay info
522,JOSEP LINUESA,"Un dia, una nit",Película de TV,2006,no hay info
523,JOSEP LINUESA,El pasado es mañana,Serie de TV,2005,7 episodios
524,JOSEP LINUESA,Ventdelplà,Serie de TV,2005,7 episodios
525,JOSEP LINUESA,Ruido,no hay info,2005,no hay info
526,JOSEP LINUESA,De moda,Serie de TV,2004,1 episodio
527,JOSEP LINUESA,Catarsis,no hay info,2004,no hay info
528,JOSEP LINUESA,Ana y los 7,Serie de TV,2004,6 episodios
529,JOSEP LINUESA,Cota roja,Película de TV,2004,no hay info
530,JOSEP LINUESA,Setze dobles,Serie de TV,2003,5 episodios
531,JOSEP LINUESA,El tránsfuga,Película de TV,2003,no hay info
532,JOSEP LINUESA,Carmen,no hay info,2003,no hay info
533,JOSEP LINUESA,Diario de una becaria,no hay info,2003,no hay info
534,JOSEP LINUESA,Madrid,no hay info,2002,no hay info
535,JOSEP LINUESA,El alquimista impaciente,no hay info,2002,no hay info
536,JOSEP LINUESA,Des del balcó,Serie de TV,2001–2002,6 episodios
537,JOSEP LINUESA,Esa habitación del demonio,Corto,2001,no hay info
538,JOSEP LINUESA,Mi teniente,Serie de TV,2001,5 episodios
539,JOSEP LINUESA,En la puta vida,no hay info,2001,no hay info
540,JOSEP LINUESA,Hospital Central,Serie de TV,2001,1 episodio
541,JOSEP LINUESA,Crims,Serie de TV,2000,1 episodio
542,JOSEP LINUESA,"Jacinto Durante, representante",Serie de TV,2000,1 episodio
543,JOSEP LINUESA,Laura,Serie de TV,1999,1 episodio
544,JOSEP LINUESA,Disertaciones sobre una coliflor,Corto,1999,no hay info
545,JOSEP LINUESA,El comisario,Serie de TV,1999,1 episodio
546,JOSEP LINUESA,Periodistas,Serie de TV,1999,2 episodios
547,JOSEP LINUESA,Ambiciones,Serie de TV,1998,55 episodios
548,JOSEP LINUESA,Nissaga de poder,Serie de TV,1996–1998,33 episodios
549,JOSEP LINUESA,El show de la Diana,Serie de TV,1997,2 episodios
550,JOSEP LINUESA,El Coyote,Corto,1995,no hay info
551,JOSEP LINUESA,La Lloll,Serie de TV,1994–1995,2 episodios
552,JOSEP LINUESA,Gimlet,no hay info,1995,no hay info
553,JOSEP LINUESA,Pedralbes Centre,Serie de TV,1995,1 episodio
554,JOSEP LINUESA,Truqui abans d'entrar,Corto,1995,no hay info
555,JOSEP LINUESA,Secrets de família,Serie de TV,1995,3 episodios
556,JOSEP LINUESA,Estació d'enllaç,Serie de TV,1995,1 episodio
557,JOSEP LINUESA,Los amigos del muerto,Corto,1994,no hay info
558,JOSEP LINUESA,Delantero,Miniserie de TV,1993,6 episodios
559,JOSEP LINUESA,Un día volveré,Serie de TV,1993,6 episodios
560,JOSEP LINUESA,Crónicas del mal,Serie de TV,1992,1 episodio
561,JOSEP LINUESA,La grande collection,Serie de TV,1992,1 episodio
562,JOSEP LINUESA,"La Granja, menjars casolans",Serie de TV,1989–1992,61 episodios
563,JOSEP LINUESA,Las chicas de hoy en día,Serie de TV,1991,1 episodio
564,JOSEP LINUESA,La noche más larga,no hay info,1991,no hay info
565,JOSEP LINUESA,Qui?,Serie de TV,1990,3 episodios
566,JOSEP LINUESA,Peraustrínia 2004,no hay info,1990,no hay info
567,JOSEP LINUESA,Le retour d'Arsène Lupin,Serie de TV,1990,1 episodio
568,JOSEP LINUESA,Titànic-92,Película de TV,1989,no hay info
569,JOSEP LINUESA,"Lorenzaccio, Lorenzaccio",Película de TV,1989,no hay info
570, Víctor Castilla ,Kosta (The paradise),Serie de TV,2022,4 episodios
571, Víctor Castilla ,Apagón,Serie de TV,2022,1 episodio
572, Víctor Castilla ,Modelo 77,no hay info,2022,no hay info
573, Víctor Castilla ,El universo de Óliver,no hay info,2022,no hay info
574, Víctor Castilla ,Contando ovejas,no hay info,2022,no hay info
575, Víctor Castilla ,Nasdrovia,Serie de TV,2022,1 episodio
576, Víctor Castilla ,Los hombres de Paco,Serie de TV,2021,1 episodio
577, Víctor Castilla ,Dos vidas,Serie de TV,2021,1 episodio
578, Víctor Castilla ,Ausencias,Corto,2020,no hay info
579, Víctor Castilla ,Aventura en el Paraíso - Benalmádena,Corto,2020,no hay info
580, Víctor Castilla ,Malaka,Serie de TV,2019,6 episodios
581, Víctor Castilla ,Élite,Serie de TV,2018,2 episodios
582, Víctor Castilla ,MisfitSized,Corto,2018,no hay info
583, Víctor Castilla ,Toro,no hay info,2016,no hay info
584, Víctor Castilla ,El secreto de Puente Viejo,Serie de TV,2015,2 episodios
585, Víctor Castilla ,Kosta (The paradise),Serie de TV,2022,4 episodios
586, Víctor Castilla ,Apagón,Serie de TV,2022,1 episodio
587, Víctor Castilla ,Modelo 77,no hay info,2022,no hay info
588, Víctor Castilla ,El universo de Óliver,no hay info,2022,no hay info
589, Víctor Castilla ,Contando ovejas,no hay info,2022,no hay info
590, Víctor Castilla ,Nasdrovia,Serie de TV,2022,1 episodio
591, Víctor Castilla ,Los hombres de Paco,Serie de TV,2021,1 episodio
592, Víctor Castilla ,Dos vidas,Serie de TV,2021,1 episodio
593, Víctor Castilla ,Ausencias,Corto,2020,no hay info
594, Víctor Castilla ,Aventura en el Paraíso - Benalmádena,Corto,2020,no hay info
595, Víctor Castilla ,Malaka,Serie de TV,2019,6 episodios
596, Víctor Castilla ,Élite,Serie de TV,2018,2 episodios
597, Víctor Castilla ,MisfitSized,Corto,2018,no hay info
598, Víctor Castilla ,Toro,no hay info,2016,no hay info
599, Víctor Castilla ,El secreto de Puente Viejo,Serie de TV,2015,2 episodios
600, David Mora ,La novia de América,,2023,no hay info
601, David Mora ,Sky Rojo,Serie de TV,2021,1 episodio
602, David Mora ,Bajo la sábana,Corto,2020,no hay info
603, David Mora ,Veneno,Miniserie de TV,2020,1 episodio
604, David Mora ,¿Chocamos?,Corto,2019,no hay info
605, David Mora ,Los amores cobardes,no hay info,2018,no hay info
606, David Mora ,La Noche,Corto,2018,no hay info
607, David Mora ,Dos veintitrés,Corto,2018,no hay info
608, David Mora ,Tatuados,Corto,2017,no hay info
609, David Mora ,Velvet Colección,Serie de TV,2017,1 episodio
610, David Mora ,Como la espuma,no hay info,2017,no hay info
611, David Mora ,El padre de Caín,Miniserie de TV,2016,1 episodio
612, David Mora ,El hombre de tu vida,Serie de TV,2016,1 episodio
613, David Mora ,Gernika,no hay info,2016,no hay info
614, David Mora ,"Kiki, el amor se hace",no hay info,2016,no hay info
615, David Mora ,Under,Corto,2016,no hay info
616, David Mora ,Chicos que lloran,Corto,2015,no hay info
617, David Mora ,Pajas,Corto,2014,no hay info
618, David Mora ,En apatía: Secuelas del odio,no hay info,2014,no hay info
619, David Mora ,Sei Lá,no hay info,2014,no hay info
620, David Mora ,Los amigos raros,no hay info,2014,no hay info
621, David Mora ,Halloween Love,Corto,2013,no hay info
622, David Mora ,Con el culo al aire,Serie de TV,2013,1 episodio
623, David Mora ,Al final todos mueren,no hay info,2013,no hay info
624, David Mora ,Afterparty,no hay info,2013,no hay info
625, David Mora ,El Sueco,Corto,2012,no hay info
626, David Mora ,Rotos,Corto,2012,no hay info
627, David Mora ,Lo retiro,Corto,2011,no hay info
628, David Mora ,Chico Especial,Corto,2011,no hay info
629, David Mora ,Nada menos,Corto,2011,no hay info
630, David Mora ,Seis puntos sobre Emma,no hay info,2011,no hay info
631, David Mora ,Grasman,Corto,2011,no hay info
632, David Mora ,El amor es sordo,Corto,2010,no hay info
633, David Mora ,Gusanos,Corto,2010,no hay info
634, David Mora ,Not Again,Corto,2010,no hay info
635, David Mora ,Aftershave,Corto,2009,no hay info
636, Jesús Caba ,Un verano en Ibiza,no hay info,2019,no hay info
637, Jesús Caba ,De púrpura y escarlata,no hay info,2018,no hay info
638, Jesús Caba ,El tamaño si importa,no hay info,2018,no hay info
639, Jesús Caba ,Que Dios nos perdone,no hay info,2016,no hay info
640, Jesús Caba ,Con el culo al aire,Serie de TV,2014,1 episodio
641, Jesús Caba ,El iluso,Corto,2014,no hay info
642, Jesús Caba ,Cuéntame cómo pasó,Serie de TV,2014,1 episodio
643, Jesús Caba ,Stockholm,no hay info,2013,no hay info
644, Jesús Caba ,Para Elisa,no hay info,2012,no hay info
645, Jesús Caba ,Frágiles,Serie de TV,2012,1 episodio
646, Jesús Caba ,Amar es para siempre,Serie de TV,2008–2011,126 episodios
647, Jesús Caba ,Impares,Serie de TV,2008–2010,3 episodios
648, Jesús Caba ,Impares premium,Serie de TV,2010,1 episodio
649, Jesús Caba ,Escenas de matrimonio,Serie de TV,2007–2008,54 episodios
650, Jesús Caba ,El viaje al paraíso,Corto,2008,no hay info
651, Jesús Caba ,8 citas,no hay info,2008,no hay info
652, Jesús Caba ,Yo soy Bea,Serie de TV,2007,1 episodio
653, Jesús Caba ,El efecto Rubik (& el poder del color rojo),Corto,2006,no hay info
654, Jesús Caba ,Hospital Central,Serie de TV,2006,1 episodio
655, Jesús Caba ,El comisario,Serie de TV,2006,1 episodio
656, Jesús Caba ,La habitación de los abrigos,Corto,2005,no hay info
657, Jesús Caba ,Ana y los 7,Serie de TV,2004–2005,19 episodios
658, Jesús Caba ,La sopa boba,Serie de TV,2004,1 episodio
659, Jesús Caba ,Amarillo,Corto,2003,no hay info
660, Javier Mula ,Nacho,Serie de TV,2023,1 episodio
661, Javier Mula ,Parot,Serie de TV,2021,2 episodios
662, Javier Mula ,Libertad,Serie de TV,2021,1 episodio
663, Javier Mula ,Patria,Miniserie de TV,2020,1 episodio
664, Javier Mula ,Antidisturbios,Serie de TV,2020,1 episodio
665, Javier Mula ,No matarás,no hay info,2020,no hay info
666, Javier Mula ,Inés del alma mía,Serie de TV,2020,1 episodio
667, Javier Mula ,Mercado Central,Serie de TV,2020,14 episodios
668, Javier Mula ,Kosta (The paradise),Serie de TV,2020,1 episodio
669, Javier Mula ,Élite,Serie de TV,2018,4 episodios
670, Javier Mula ,Vis a vis,Serie de TV,2018,1 episodio
671, Javier Mula ,Despachado,Corto,2018,no hay info
672, Javier Mula ,Plan de fuga,no hay info,2016,no hay info
673, Javier Mula ,El Ministerio del Tiempo,Serie de TV,2016,1 episodio
674, Javier Mula ,Acacias 38,Serie de TV,2015,11 episodios
675, Pablo Vázquez ,No me gusta conducir,Serie de TV,2022,2 episodios
676, Pablo Vázquez ,A mil kilómetros de la Navidad,no hay info,2021,no hay info
677, Pablo Vázquez ,La Luz,Corto,2021,no hay info
678, Pablo Vázquez ,Estoy vivo,Serie de TV,2021,12 episodios
679, Pablo Vázquez ,Los favoritos de Midas,Miniserie de TV,2020,1 episodio
680, Pablo Vázquez ,Vis a Vis: El Oasis,Serie de TV,2020,8 episodios
681, Pablo Vázquez ,La valla,Serie de TV,2020,3 episodios
682, Pablo Vázquez ,Vergüenza,Serie de TV,2020,1 episodio
683, Pablo Vázquez ,Malasaña 32,no hay info,2020,no hay info
684, Pablo Vázquez ,El asesino de los caprichos,no hay info,2019,no hay info
685, Pablo Vázquez ,Arde Madrid,Miniserie de TV,2018,1 episodio
686, Pablo Vázquez ,La Guarida,Corto,2018,no hay info
687, Pablo Vázquez ,Loca Olivia,no hay info,2018,no hay info
688, Pablo Vázquez ,Fariña,Miniserie de TV,2018,1 episodio
689, Pablo Vázquez ,La que se avecina,Serie de TV,2014,1 episodio
690, Pablo Vázquez ,Con el culo al aire,Serie de TV,2014,1 episodio
691, Pablo Vázquez ,Tercera oportunidad,Corto,2013,no hay info
692, Pablo Vázquez ,Amar es para siempre,Serie de TV,2013,33 episodios
693, Pablo Vázquez ,BuenAgente,Serie de TV,2011,1 episodio
694, Pablo Vázquez ,Bandolera,Serie de TV,2011,4 episodios
695, Pablo Vázquez ,Aída,Serie de TV,2010,1 episodio
696, Pablo Vázquez ,Reinas,no hay info,2005,no hay info
697, Pablo Vázquez ,Los Serrano,Serie de TV,2005,1 episodio
698, Pablo Vázquez ,XXL,no hay info,2004,no hay info
699, Pablo Vázquez ,Un paso adelante,Serie de TV,2004,1 episodio
700, Pablo Vázquez ,El comisario,Serie de TV,2003,1 episodio
701, Alejandro Sigüenza ,Amar es para siempre,Serie de TV,2010–2022,113 episodios
702, Alejandro Sigüenza ,Besos al aire,Miniserie de TV,2021,1 episodio
703, Alejandro Sigüenza ,Acacias 38,Serie de TV,2021,13 episodios
704, Alejandro Sigüenza ,Sonrisas,Corto,2020,no hay info
705, Alejandro Sigüenza ,Una vez más,no hay info,2019,no hay info
706, Alejandro Sigüenza ,14 de abril. La República,Serie de TV,2018,1 episodio
707, Alejandro Sigüenza ,La otra mirada,Serie de TV,2018,6 episodios
708, Alejandro Sigüenza ,El secreto de Puente Viejo,Serie de TV,2013–2018,198 episodios
709, Alejandro Sigüenza ,A sweet man,Corto,2017,no hay info
710, Alejandro Sigüenza ,Velvet,Serie de TV,2014,1 episodio
711, Alejandro Sigüenza ,Ángel o demonio,Serie de TV,2011,1 episodio
712, Alejandro Sigüenza ,Larga espera,Corto,2009,no hay info
713, Alejandro Sigüenza ,El comisario,Serie de TV,1999–2005,2 episodios
714, Alejandro Sigüenza ,Hospital Central,Serie de TV,2004,1 episodio
715, Alejandro Sigüenza ,Diez en Ibiza,Serie de TV,2004,2 episodios
716, Alejandro Sigüenza ,Compañeros,Serie de TV,2000–2002,66 episodios
717, Alejandro Sigüenza ,Arrayán,Serie de TV,2001,3 episodios
718, Alejandro Sigüenza ,El palo,no hay info,2001,no hay info
719, Juanma Cifuentes ,Supernormal,Serie de TV,2023,4 episodios
720, Juanma Cifuentes ,Cómo mandarlo todo a la mierda,Serie de TV,2022,2 episodios
721, Juanma Cifuentes ,Ana Tramel. El juego,Serie de TV,2021,5 episodios
722, Juanma Cifuentes ,HIT,Serie de TV,2020,6 episodios
723, Juanma Cifuentes ,Señoras del (h)AMPA,Serie de TV,2020,1 episodio
724, Juanma Cifuentes ,La rana que no quería morir,Corto,2019,no hay info
725, Juanma Cifuentes ,45 Revoluciones,Serie de TV,2019,1 episodio
726, Juanma Cifuentes ,Telepasión española,Serie de TV,2018,1 episodio
727, Juanma Cifuentes ,La catedral del mar,Serie de TV,2018,3 episodios
728, Juanma Cifuentes ,Say Cheese,Corto,2017,no hay info
729, Juanma Cifuentes ,La que se avecina,Serie de TV,2013–2017,3 episodios
730, Juanma Cifuentes ,El club de los buenos infieles,no hay info,2017,no hay info
731, Juanma Cifuentes ,Cuéntame cómo pasó,Serie de TV,2002–2016,2 episodios
732, Juanma Cifuentes ,Gym Tony,Serie de TV,2014–2015,165 episodios
733, Juanma Cifuentes ,Desde Los Ojos De La Inocencia,Corto,2014,no hay info
734, Juanma Cifuentes ,Operasiones espesiales,no hay info,2014,no hay info
735, Juanma Cifuentes ,Como alas al viento,Miniserie de TV,2013,1 episodio
736, Juanma Cifuentes ,Stamos okupa2,Serie de TV,2012,13 episodios
737, Juanma Cifuentes ,Don Enrique de Guzmán,Corto,2012,no hay info
738, Juanma Cifuentes ,Aunque todo vaya mal,Corto,2011,no hay info
739, Juanma Cifuentes ,Las chicas de oro,Serie de TV,2010,2 episodios
740, Juanma Cifuentes ,Sí bemol,Corto,2010,no hay info
741, Juanma Cifuentes ,Raphael: Una historia de superación personal,Miniserie de TV,2010,2 episodios
742, Juanma Cifuentes ,Supercharly,Serie de TV,2010,5 episodios
743, Juanma Cifuentes ,Esto no es amor,Corto,2010,no hay info
744, Juanma Cifuentes ,7 minutos,no hay info,2009,no hay info
745, Juanma Cifuentes ,Bolsitas,Corto,2009,no hay info
746, Juanma Cifuentes ,El síndrome de Ulises,Serie de TV,2007–2008,26 episodios
747, Juanma Cifuentes ,Qué follón de familia,Serie de TV,2007,no hay info
748, Juanma Cifuentes ,Corazonadas,Serie de TV,2007,no hay info
749, Juanma Cifuentes ,El club de los suicidas,no hay info,2007,no hay info
750, Juanma Cifuentes ,A tortas con la vida,Serie de TV,2005–2006,23 episodios
751, Juanma Cifuentes ,Aquí no hay quien viva,Serie de TV,2003–2005,2 episodios
752, Juanma Cifuentes ,De Kuleshov a Berlanga,Corto,2004,no hay info
753, Juanma Cifuentes ,¡Ala... Dina!,Serie de TV,2001,3 episodios
754, Juanma Cifuentes ,Menos es más,no hay info,2000,no hay info
755, Juanma Cifuentes ,El súper,Serie de TV,1999,1 episodio
756, Juanma Cifuentes ,Manos a la obra,Serie de TV,1999,1 episodio
757, Juanma Cifuentes ,La casa de los líos,Serie de TV,1998,1 episodio
758, Juanma Cifuentes ,Quince,no hay info,1998,no hay info
