,actor,ciudad,nombres,representante
0,daniel albaladejo,['Murcia'],,Borial Management
1,daniel albaladejo,[],,Borial Management
2,daniel albaladejo,[],Vicente Fuentes,Borial Management
3,daniel albaladejo,[],Will Keen,Borial Management
4,daniel albaladejo,[],Francisco Torres,Borial Management
5,daniel albaladejo,[],Teatro Contemporáneo,Borial Management
6,daniel albaladejo,[],Norman Taylor,Borial Management
7,daniel albaladejo,[],Expresión Dramática,Borial Management
8,daniel albaladejo,[],Antón Valén,Borial Management
9,enrique asenjo,[],Dramaturgia Teatral,Borial Management
10,enrique asenjo,[],Sanchís Sinisterra,Borial Management
11,enrique asenjo,[],Mariano Barroso,Borial Management
12,enrique asenjo,[],Raquel Pérez,Borial Management
13,enrique asenjo,[],Dramaturgia Teatral,Borial Management
14,enrique asenjo,[],Mauricio Kartún,Borial Management
15,enrique asenjo,[],Dramaturgia Teatral,Borial Management
16,enrique asenjo,[],Eduardo Recabarren,Borial Management
17,enrique asenjo,[],Dramaturgia Teatral,Borial Management
18,enrique asenjo,[],Bernardo Kappa,Borial Management
19,enrique asenjo,[],Adriano Urissevich,Borial Management
20,enrique asenjo,['Rota'],Cristina Rota,Borial Management
21,enrique asenjo,[],,Borial Management
22,jacobo camarena,[],Javier Cifrián,Borial Management
23,jacobo camarena,[],,Borial Management
24,jacobo camarena,[],,Borial Management
25,jacobo camarena,[],Salvador Calvo,Borial Management
26,jacobo camarena,[],Carlos Sedes,Borial Management
27,jacobo camarena,[],Tonucha Vidal,Borial Management
28,jacobo camarena,[],Montxo Armendáriz,Borial Management
29,jacobo camarena,[],Gracia Querejeta,Borial Management
30,jacobo camarena,[],Déborah Borqué,Borial Management
31,jacobo camarena,[],Inma Torrente,Borial Management
32,jacobo camarena,[],Jesús Font,Borial Management
33,jacobo camarena,[],Marga Rodríguez,Borial Management
34,jacobo camarena,[],Andrés Cuenca,Borial Management
35,jacobo camarena,[],Antonio Recio,Borial Management
36,jacobo camarena,[],Paula Cámara,Borial Management
37,pedro carvalho,[],Casting Director,Borial Management
38,pedro carvalho,[],Luci Lenox,Borial Management
39,pedro carvalho,[],Casting Director,Borial Management
40,pedro carvalho,[],Manuel Puro,Borial Management
41,pedro carvalho,['Madrid'],Andrea Mizes,Borial Management
42,pedro carvalho,['Madrid'],Estudio Corazza,Borial Management
43,pedro carvalho,[],,Borial Management
44,pedro carvalho,[],,Borial Management
45,jason day,[],Buenos Aires,Borial Management
46,jason day,[],Aquila Morong,Borial Management
47,jason day,[],Los Ángeles,Borial Management
48,jason day,[],Deb Aquila,Borial Management
49,jason day,[],Ron Burrus,Borial Management
50,jason day,[],Julie Adams,Borial Management
51,prince ezeanyim,[],Escuela Superior,Borial Management
52,prince ezeanyim,[],Arte Dramático,Borial Management
53,prince ezeanyim,[],Estudio Corazza,Borial Management
54,prince ezeanyim,[],Andoni Larrabeiti,Borial Management
55,prince ezeanyim,[],Fernando Becerra,Borial Management
56,prince ezeanyim,[],Ernesto Arias,Borial Management
57,prince ezeanyim,[],Darío Valtancoli,Borial Management
58,prince ezeanyim,[],La Joven,Borial Management
59,prince ezeanyim,[],Andoni Larrabeiti,Borial Management
60,prince ezeanyim,[],La Joven,Borial Management
61,prince ezeanyim,[],Marco Magoa,Borial Management
62,prince ezeanyim,[],Andoni Larrabeiti,Borial Management
63,prince ezeanyim,[],La Joven,Borial Management
64,prince ezeanyim,[],Armando Buika,Borial Management
65,prince ezeanyim,[],Andoni Larrabeiti,Borial Management
66,prince ezeanyim,[],Claudia Coelho,Borial Management
67,prince ezeanyim,[],Andoni Larrabeiti,Borial Management
68,prince ezeanyim,[],Pablo Ibarluzea,Borial Management
69,prince ezeanyim,[],,Borial Management
70,prince ezeanyim,[],,Borial Management
71,carlos gorbe,[],Arte Dramático,Borial Management
72,carlos gorbe,[],Seminario Meisner,Borial Management
73,carlos gorbe,[],Yolanda Vega,Borial Management
74,carlos gorbe,[],Mar Navarro,Borial Management
75,carlos gorbe,[],,Borial Management
76,carlos gorbe,[],Estudio Dramático,Borial Management
77,carlos gorbe,[],Pablo Corral,Borial Management
78,carlos gorbe,[],Eva Zapico,Borial Management
79,carlos gorbe,['Valencia'],Creatividad Musical,Borial Management
80,carlos gorbe,['Valencia'],Creatividad Interpretativa,Borial Management
81,jorge kent,[],La Palabra,Borial Management
82,jorge kent,[],Ernesto Arias,Borial Management
83,jorge kent,[],Vicente Fuentes,Borial Management
84,jorge kent,[],La Transversalidad,Borial Management
85,jorge kent,[],Santiago Sánchez,Borial Management
86,jorge kent,[],Creación Sonora,Borial Management
87,jorge kent,[],Nacho Bilbao,Borial Management
88,jorge kent,[],Dramaturgia Actoral,Borial Management
89,jorge kent,[],Carles Alfaro,Borial Management
90,jorge kent,[],Creación Escénica,Borial Management
91,jorge kent,[],Alfredo Sanzol,Borial Management
92,jorge kent,[],Ernesto Caballero,Borial Management
93,jorge kent,[],Isabel Úbeda,Borial Management
94,jorge kent,[],Antonio Malonda,Borial Management
95,jorge kent,[],Pedro Víctor,Borial Management
96,jorge kent,[],Will Keen,Borial Management
97,jorge kent,[],Derek Chapman,Borial Management
98,jorge kent,[],,Borial Management
99,jorge kent,[],John Breen,Borial Management
100,jorge kent,[],,Borial Management
101,marina bellati,[],Estudio Nora,Borial Management
102,marina bellati,[],Matías Feldman,Borial Management
103,marina bellati,[],Santiago Gobernori,Borial Management
104,marina bellati,[],Instituto Eter,Borial Management
105,marina bellati,[],Héctor Sañudo,Borial Management
106,marina bellati,[],Estudio Nora,Borial Management
107,marina bellati,[],,Borial Management
108,marina bellati,[],Andrea Di,Borial Management
109,marina bellati,['Barcelona'],Arthur Schnitzler,Borial Management
110,marina bellati,['Barcelona'],Antonio Simón,Borial Management
111,marina bellati,['Barcelona'],El Timbal,Borial Management
112,marina bellati,['Barcelona'],Teatro Escuela,Borial Management
113,marina bellati,[],Sportivo Teatral,Borial Management
114,marina bellati,[],Ricardo Bartís,Borial Management
115,marina bellati,['Barcelona'],Manuel Lillo,Borial Management
116,marina bellati,['Barcelona'],Nancy Tuñón,Borial Management
117,marina bellati,['Barcelona'],Teatro Estudio,Borial Management
118,marina bellati,['Salvador'],Universidad Del,Borial Management
119,marina bellati,[],Estudio Nora,Borial Management
120,marina bellati,[],,Borial Management
121,ana bokesa,[],Ben Naylor,Borial Management
122,ana bokesa,[],Raquel Pérez,Borial Management
123,ana bokesa,[],La Joven,Borial Management
124,ana bokesa,[],Marisa Lull,Borial Management
125,ana bokesa,[],Javier Montero,Borial Management
126,ana bokesa,[],Teatro Español,Borial Management
127,ana bokesa,[],,Borial Management
128,andrea dueso,[],Lautaro Perotti,Borial Management
129,andrea dueso,[],Salvador Calvo,Borial Management
130,andrea dueso,[],Joven Compañía,Borial Management
131,andrea dueso,[],Curso Will,Borial Management
132,andrea dueso,[],Wiliam Shakespeare,Borial Management
133,andrea dueso,[],Máster Profesional,Borial Management
134,andrea dueso,[],Estudio Interactivo,Borial Management
135,andrea dueso,[],Fernando Piernas,Borial Management
136,andrea dueso,[],Eva Egido,Borial Management
137,andrea dueso,[],Juanma Navas,Borial Management
138,andrea dueso,[],Ángel Plana,Borial Management
139,andrea dueso,[],Bel Alzamora,Borial Management
140,andrea dueso,[],Escuela Interactivo,Borial Management
141,andrea dueso,[],De Interpretación,Borial Management
142,andrea dueso,[],Bárbara Fritsche,Borial Management
143,andrea dueso,[],Dani Díez,Borial Management
144,andrea dueso,[],,Borial Management
145,natalia huarte,['Madrid'],,Borial Management
146,natalia huarte,[],,Borial Management
147,natalia huarte,['New York'],Michael Chekhov,Borial Management
148,natalia huarte,['New York'],Acting Studio,Borial Management
149,natalia huarte,['New York'],New York,Borial Management
150,natalia huarte,[],Vicente Fuentes,Borial Management
151,natalia huarte,[],Roberta Carreri,Borial Management
152,natalia huarte,[],Odín Teatret,Borial Management
153,natalia huarte,[],Will Keen,Borial Management
154,natalia huarte,[],Alfredo Sanzol,Borial Management
155,natalia huarte,[],Andrés Lima,Borial Management
156,natalia huarte,[],Carlota Ferrer,Borial Management
157,natalia huarte,[],,Borial Management
158,natalia huarte,[],Fernanda Orazi,Borial Management
159,natalia huarte,[],,Borial Management
160,marina varem,[],Claudio Tolcachir,Borial Management
161,marina varem,[],Vanessa Rasero,Borial Management
162,marina varem,['Málaga'],Arte Dramático,Borial Management
163,marina varem,['Málaga'],Teatro Musical,Borial Management
164,marina varem,[],Alquimia Versal,Borial Management
165,marina varem,[],Carlos Aladro,Borial Management
166,marina varem,[],Inma Nieto,Borial Management
167,marina varem,[],Ernesto Arias,Borial Management
168,marina varem,[],,Borial Management
169,marina varem,[],Lautaro Perotti,Borial Management
170,marina varem,[],Francisco Conde,Borial Management
171,marina varem,[],Kurro González,Borial Management
172,marina varem,[],Teatro Físico,Borial Management
173,marina varem,[],Javier Herrero,Borial Management
174,marina varem,[],Fernando Sánchez,Borial Management
175,marina varem,['Santos'],Carlos Therón,Borial Management
176,marina varem,['Santos'],Manu Gómez,Borial Management
177,marina varem,['Santos'],Pedro Collantes,Borial Management
178,marina varem,['Santos'],Javier Marco,Borial Management
179,marina varem,['Santos'],David Martín,Borial Management
180,marina varem,['Santos'],Celia Rico,Borial Management
181,marina varem,['Santos'],Álvaro Gago,Borial Management
182,marina varem,['Santos'],Paula Cons,Borial Management
183,marina varem,['Santos'],Jose Luis,Borial Management
184,marina varem,['Santos'],Carmen Utrilla,Borial Management
185,marina varem,[],Alberto Cerrada,Borial Management
186,marina varem,[],Sergio Urbano,Borial Management
187,marina varem,[],Danza Clásica,Borial Management
188,marina varem,[],Método Vaganova,Borial Management
189,marina varem,[],Monográfico Danza,Borial Management
190,marina varem,[],Chorus Line,Borial Management
191,marina varem,[],Bayork Lee,Borial Management
192,marina varem,[],Caterina Chisesi,Borial Management
193,marina varem,[],Klauss Stauffer,Borial Management
194,iván-montes,no hay info,Tonucha Vidal,Única Representaciones
195,iván-montes,no hay info,Curso Interpretación,Única Representaciones
196,iván-montes,no hay info,Cristina Alcázar,Única Representaciones
197,iván-montes,no hay info,Artes Escénicas,Única Representaciones
198,iván-montes,no hay info,Curso Interpretación,Única Representaciones
199,iván-montes,no hay info,Cristina Alcázar,Única Representaciones
200,iván-montes,no hay info,Teatro Musical,Única Representaciones
201,iván-montes,no hay info,Baile Moderno,Única Representaciones
202,iván-montes,no hay info,,Única Representaciones
203,iván-montes,no hay info,,Única Representaciones
204,pepe-sevilla,Madrid,Grado Superior,Única Representaciones
205,pepe-sevilla,Madrid,Arte Dramático,Única Representaciones
206,pepe-sevilla,Madrid,Interpretación Textual,Única Representaciones
207,pepe-sevilla,no hay info,Filología Hispánica,Única Representaciones
208,pepe-sevilla,no hay info,,Única Representaciones
209,mateo-rubistein,no hay info,Mar Navarro,Única Representaciones
210,mateo-rubistein,no hay info,Andrés Hernández,Única Representaciones
211,mateo-rubistein,no hay info,Universidad Rey,Única Representaciones
212,mateo-rubistein,no hay info,Juan Carlos,Única Representaciones
213,mateo-rubistein,no hay info,Alberto Rodríguez,Única Representaciones
214,mateo-rubistein,no hay info,Rafael Cobos,Única Representaciones
215,mateo-rubistein,no hay info,Cristina Rota,Única Representaciones
216,mateo-rubistein,no hay info,Benito Zambrano,Única Representaciones
217,mateo-rubistein,no hay info,,Única Representaciones
218,mateo-rubistein,no hay info,,Única Representaciones
219,mateo-rubistein,no hay info,,Única Representaciones
220,mateo-rubistein,no hay info,,Única Representaciones
221,mateo-rubistein,no hay info,,Única Representaciones
222,mateo-rubistein,no hay info,,Única Representaciones
223,víctor-castilla,Málaga,Escuela Superior,Única Representaciones
224,víctor-castilla,Málaga,Arte Dramático,Única Representaciones
225,víctor-castilla,no hay info,,Única Representaciones
226,víctor-castilla,no hay info,,Única Representaciones
227,víctor-castilla,no hay info,,Única Representaciones
228,víctor-castilla,no hay info,,Única Representaciones
229,víctor-castilla,no hay info,,Única Representaciones
230,víctor-castilla,no hay info,,Única Representaciones
231,víctor-castilla,no hay info,,Única Representaciones
232,david-mora,no hay info,Giles Foreman,Única Representaciones
233,david-mora,no hay info,Estudio Corazza,Única Representaciones
234,david-mora,no hay info,Curso Anual,Única Representaciones
235,david-mora,no hay info,Estudio Juan,Única Representaciones
236,david-mora,no hay info,Chules Piñiango,Única Representaciones
237,david-mora,no hay info,Raquel Pérez,Única Representaciones
238,david-mora,no hay info,Estudio Interactivo,Única Representaciones
239,david-mora,no hay info,Raquel Pérez,Única Representaciones
240,david-mora,no hay info,Vicente Fuentes,Única Representaciones
241,david-mora,no hay info,Sara Pérez,Única Representaciones
242,david-mora,no hay info,Laura Toledo,Única Representaciones
243,david-mora,no hay info,Inés Piñole,Única Representaciones
244,david-mora,no hay info,,Única Representaciones
245,david-mora,no hay info,Cambrigde Certificate,Única Representaciones
246,david-mora,no hay info,Advanced English,Única Representaciones
247,david-mora,no hay info,,Única Representaciones
248,david-mora,no hay info,,Única Representaciones
249,david-mora,no hay info,,Única Representaciones
250,david-mora,no hay info,Mejor Actor,Única Representaciones
251,david-mora,no hay info,Los Amigos,Única Representaciones
252,david-mora,no hay info,Euphoria Int,Única Representaciones
253,david-mora,no hay info,Comunicación Audiovisual,Única Representaciones
254,david-mora,no hay info,,Única Representaciones
255,ángel-velasco,Málaga,Escuela Superior,Única Representaciones
256,ángel-velasco,Málaga,Arte Dramático,Única Representaciones
257,ángel-velasco,no hay info,Lorena García,Única Representaciones
258,ángel-velasco,no hay info,Sara Nuñez,Única Representaciones
259,ángel-velasco,no hay info,Luisa Ezquerra,Única Representaciones
260,ángel-velasco,no hay info,Locución Luisa,Única Representaciones
261,ángel-velasco,no hay info,Voz Método,Única Representaciones
262,ángel-velasco,no hay info,Prado Pinilla,Única Representaciones
263,ángel-velasco,no hay info,Charlie Levi,Única Representaciones
264,ángel-velasco,no hay info,Máster Interpretación,Única Representaciones
265,ángel-velasco,no hay info,,Única Representaciones
266,ángel-velasco,no hay info,,Única Representaciones
267,ángel-velasco,no hay info,,Única Representaciones
268,ángel-velasco,no hay info,,Única Representaciones
269,agustin-otón,Murcia,Arte Dramático,Única Representaciones
270,agustin-otón,no hay info,,Única Representaciones
271,agustin-otón,Holstebro,Isabel Úbeda,Única Representaciones
272,agustin-otón,no hay info,,Única Representaciones
273,agustin-otón,no hay info,,Única Representaciones
274,agustin-otón,no hay info,,Única Representaciones
275,agustin-otón,no hay info,Antón Valen,Única Representaciones
276,agustin-otón,no hay info,,Única Representaciones
277,agustin-otón,no hay info,,Única Representaciones
278,agustin-otón,no hay info,,Única Representaciones
279,agustin-otón,no hay info,Educación Musical,Única Representaciones
280,agustin-otón,no hay info,,Única Representaciones
281,agustin-otón,no hay info,,Única Representaciones
282,agustin-otón,no hay info,,Única Representaciones
283,agustin-otón,no hay info,,Única Representaciones
284,agustin-otón,no hay info,,Única Representaciones
285,agustin-otón,no hay info,,Única Representaciones
286,agustin-otón,no hay info,,Única Representaciones
287,agustin-otón,no hay info,,Única Representaciones
288,rubén-de-eguía,no hay info,,Única Representaciones
289,rubén-de-eguía,Temple,,Única Representaciones
290,rubén-de-eguía,no hay info,Jerzy Grotowski,Única Representaciones
291,rubén-de-eguía,no hay info,Juan Carlos,Única Representaciones
292,rubén-de-eguía,no hay info,Claudio Tolcachir,Única Representaciones
293,rubén-de-eguía,no hay info,Teatro Revelación,Única Representaciones
294,rubén-de-eguía,no hay info,La Vida,Única Representaciones
295,rubén-de-eguía,no hay info,Por Delante,Única Representaciones
296,rubén-de-eguía,no hay info,,Única Representaciones
297,rubén-de-eguía,no hay info,,Única Representaciones
298,rubén-de-eguía,no hay info,,Única Representaciones
299,jesús-caba,Rota,Arte Dramático,Única Representaciones
300,jesús-caba,Rota,Cristina Rota,Única Representaciones
301,jesús-caba,Barcelona,Nancy Tuñon,Única Representaciones
302,jesús-caba,no hay info,Joaquín Oristrell,Única Representaciones
303,josé-gabriel-campos,Murcia,Arte Dramático,Única Representaciones
304,josé-gabriel-campos,Murcia,Escuela Superior,Única Representaciones
305,josé-gabriel-campos,Murcia,Arte Dramático,Única Representaciones
306,josé-gabriel-campos,no hay info,Aptitud Pedagógica,Única Representaciones
307,josé-gabriel-campos,no hay info,Universitat Jaume,Única Representaciones
308,josé-gabriel-campos,Compostela,Escuela Internacional,Única Representaciones
309,josé-gabriel-campos,Compostela,Antón Valen,Única Representaciones
310,josé-gabriel-campos,Compostela,Norman Taylor,Única Representaciones
311,josé-gabriel-campos,Compostela,Claudia Contín,Única Representaciones
312,josé-gabriel-campos,Compostela,Ferruccio Merisi,Única Representaciones
313,josé-gabriel-campos,no hay info,Scuola Internazionale,Única Representaciones
314,josé-gabriel-campos,no hay info,Attore Comico,Única Representaciones
315,josé-gabriel-campos,no hay info,Antonio Fava,Única Representaciones
316,josé-gabriel-campos,no hay info,Reggio Emilia,Única Representaciones
317,josé-gabriel-campos,no hay info,Antón Valén,Única Representaciones
318,josé-gabriel-campos,Madrid,Valdimir Olshansky,Única Representaciones
319,josé-gabriel-campos,Madrid,Residui Teatro,Única Representaciones
320,josé-gabriel-campos,no hay info,Estill Voice,Única Representaciones
321,josé-gabriel-campos,no hay info,Hellen Rowson,Única Representaciones
322,josé-gabriel-campos,Murcia,Centro Párraga,Única Representaciones
323,josé-gabriel-campos,no hay info,Stage Internationale,Única Representaciones
324,josé-gabriel-campos,no hay info,Antonio Fava,Única Representaciones
325,josé-gabriel-campos,no hay info,Reggio Emilia,Única Representaciones
326,josé-gabriel-campos,Valencia,Carles Castillo,Única Representaciones
327,josé-gabriel-campos,Murcia,Matej Matejka,Única Representaciones
328,josé-gabriel-campos,Murcia,Gema Galiana,Única Representaciones
329,josé-gabriel-campos,no hay info,Instytut Grotowskiego,Única Representaciones
330,josé-gabriel-campos,no hay info,,Única Representaciones
331,josé-gabriel-campos,no hay info,Técnica Gestual,Única Representaciones
332,josé-gabriel-campos,no hay info,Scuola Internazionale,Única Representaciones
333,josé-gabriel-campos,no hay info,Attore Comico,Única Representaciones
334,josé-gabriel-campos,no hay info,Antonio Fava,Única Representaciones
335,josé-gabriel-campos,no hay info,Reggio Emilia,Única Representaciones
336,josé-gabriel-campos,Murcia,Stage Internazionale,Única Representaciones
337,josé-gabriel-campos,Murcia,Reggio Emilia,Única Representaciones
338,josé-gabriel-campos,Murcia,Collectif Au,Única Representaciones
339,josé-gabriel-campos,Murcia,Kreativhaus Berlin,Única Representaciones
340,josé-gabriel-campos,Murcia,Porto Iracema,Única Representaciones
341,josé-gabriel-campos,no hay info,,Única Representaciones
342,josé-gabriel-campos,no hay info,,Única Representaciones
343,josé-gabriel-campos,no hay info,,Única Representaciones
344,josé-gabriel-campos,no hay info,,Única Representaciones
345,josé-gabriel-campos,no hay info,,Única Representaciones
346,josé-gabriel-campos,no hay info,,Única Representaciones
347,josé-gabriel-campos,no hay info,,Única Representaciones
348,josé-gabriel-campos,no hay info,,Única Representaciones
349,josé-gabriel-campos,no hay info,,Única Representaciones
350,josé-gabriel-campos,no hay info,,Única Representaciones
351,josé-gabriel-campos,no hay info,,Única Representaciones
352,iván-cózar,no hay info,,Única Representaciones
353,iván-cózar,Murcia,Arte Dramático,Única Representaciones
354,iván-cózar,no hay info,,Única Representaciones
355,iván-cózar,no hay info,Cristina Alcaraz,Única Representaciones
356,iván-cózar,no hay info,Eva Torres,Única Representaciones
357,iván-cózar,no hay info,,Única Representaciones
358,iván-cózar,no hay info,Bufón Pablo,Única Representaciones
359,iván-cózar,no hay info,Lecoq Estudis,Única Representaciones
360,iván-cózar,no hay info,Berty Tovías,Única Representaciones
361,iván-cózar,no hay info,Antón Valén,Única Representaciones
362,iván-cózar,no hay info,Pablo Bermejo,Única Representaciones
363,iván-cózar,no hay info,David García,Única Representaciones
364,iván-cózar,no hay info,,Única Representaciones
365,iván-cózar,no hay info,,Única Representaciones
366,iván-cózar,no hay info,,Única Representaciones
367,ramon-san-román,no hay info,Lorena Bayona,Única Representaciones
368,ramon-san-román,no hay info,Técnica Meisner,Única Representaciones
369,ramon-san-román,no hay info,Javier Galitó,Única Representaciones
370,ramon-san-román,no hay info,,Única Representaciones
371,ramon-san-román,no hay info,Fernando Piernas,Única Representaciones
372,ramon-san-román,no hay info,,Única Representaciones
373,ramon-san-román,no hay info,Carmen Rico,Única Representaciones
374,ramon-san-román,no hay info,Escuela Estudio,Única Representaciones
375,ramon-san-román,no hay info,Mario Bolaños,Única Representaciones
376,ramon-san-román,no hay info,,Única Representaciones
377,ramon-san-román,Pereira,Gerardo Herrero,Única Representaciones
378,ramon-san-román,Pereira,Tornasol Films,Única Representaciones
379,ramon-san-román,Pereira,Javier Fesser,Única Representaciones
380,ramon-san-román,Pereira,Manuel Gómez,Única Representaciones
381,ramon-san-román,no hay info,Juan León,Única Representaciones
382,ramon-san-román,no hay info,Kike Narcea,Única Representaciones
383,ramon-san-román,no hay info,Carla Revuelta,Única Representaciones
384,ramon-san-román,no hay info,Inma Torrente,Única Representaciones
385,ramon-san-román,no hay info,Jorge Navas,Única Representaciones
386,ramon-san-román,no hay info,José Luis,Única Representaciones
387,ramon-san-román,no hay info,Juan Gonzalez,Única Representaciones
388,ramon-san-román,no hay info,Verso Juan,Única Representaciones
389,ramon-san-román,no hay info,Manuel Navas,Única Representaciones
390,ramon-san-román,no hay info,Alberto Magallares,Única Representaciones
391,ramon-san-román,no hay info,Carlos Manzanares,Única Representaciones
392,ramon-san-román,no hay info,Expresión Corporal,Única Representaciones
393,ramon-san-román,no hay info,Eva Egido,Única Representaciones
394,ramon-san-román,no hay info,,Única Representaciones
395,ramon-san-román,no hay info,,Única Representaciones
396,miguel-ángel-puro,Murcia,Arte Dramático,Única Representaciones
397,miguel-ángel-puro,no hay info,,Única Representaciones
398,miguel-ángel-puro,no hay info,,Única Representaciones
399,gonzalo-trujillo,no hay info,Pedro Álvarez,Única Representaciones
400,gonzalo-trujillo,no hay info,La Fundición,Única Representaciones
401,gonzalo-trujillo,Madrid,,Única Representaciones
402,gonzalo-trujillo,no hay info,Vicente Fuentes,Única Representaciones
403,gonzalo-trujillo,no hay info,Jose María,Única Representaciones
404,gonzalo-trujillo,no hay info,José Masegosa,Única Representaciones
405,gonzalo-trujillo,no hay info,Esperanza Abad,Única Representaciones
406,gonzalo-trujillo,no hay info,Concha Doñaque,Única Representaciones
407,gonzalo-trujillo,no hay info,Carmelo Gómez,Única Representaciones
408,gonzalo-trujillo,no hay info,Álvaro Haro,Única Representaciones
409,gonzalo-trujillo,no hay info,Gabriel Olivares,Única Representaciones
410,gonzalo-trujillo,no hay info,Carlota Ferrer,Única Representaciones
411,gonzalo-trujillo,no hay info,Claudio Tolcachir,Única Representaciones
412,gonzalo-trujillo,no hay info,,Única Representaciones
413,gonzalo-trujillo,no hay info,,Única Representaciones
414,gonzalo-trujillo,no hay info,,Única Representaciones
415,javier-mula,Murcia,Arte Dramático,Única Representaciones
416,javier-mula,Barcelona,Andrés Lima,Única Representaciones
417,javier-mula,Barcelona,Ramón Fonserre,Única Representaciones
418,javier-mula,Barcelona,El Joglars,Única Representaciones
419,javier-mula,Barcelona,Norman Taylor,Única Representaciones
420,javier-mula,Barcelona,Antón Valén,Única Representaciones
421,javier-mula,Barcelona,Carles Castillo,Única Representaciones
422,javier-mula,Barcelona,Enríque Martínez,Única Representaciones
423,javier-mula,Barcelona,Odín Teatret,Única Representaciones
424,javier-mula,Barcelona,Escuela Internacional,Única Representaciones
425,javier-mula,Barcelona,Mimo Dramático,Única Representaciones
426,javier-mula,no hay info,Actores Madrid,Única Representaciones
427,javier-mula,no hay info,José Manuel,Única Representaciones
428,javier-mula,no hay info,Benito Zambrano,Única Representaciones
429,javier-mula,no hay info,Manuela Burló,Única Representaciones
430,javier-mula,no hay info,Mar Olid,Única Representaciones
431,javier-mula,no hay info,Cristina Alcázar,Única Representaciones
432,javier-mula,no hay info,,Única Representaciones
433,dani-paz,no hay info,,Única Representaciones
434,dani-paz,Madrid,,Única Representaciones
435,dani-gallardo,Madrid,Escuela Superior,Única Representaciones
436,dani-gallardo,Madrid,Arte Dramático,Única Representaciones
437,dani-gallardo,no hay info,,Única Representaciones
438,dani-gallardo,no hay info,View Points,Única Representaciones
439,dani-gallardo,no hay info,City Company,Única Representaciones
440,dani-gallardo,no hay info,Anne Bogart,Única Representaciones
441,dani-gallardo,no hay info,David Planell,Única Representaciones
442,dani-gallardo,no hay info,Ángelo Crotti,Única Representaciones
443,dani-gallardo,no hay info,Teatro Asura,Única Representaciones
444,dani-gallardo,Layton,Laboratorio William,Única Representaciones
445,dani-gallardo,Layton,Paca Ojea,Única Representaciones
446,dani-gallardo,Layton,Pepe Vidal,Única Representaciones
447,dani-gallardo,no hay info,Dario Valtancoli,Única Representaciones
448,dani-gallardo,no hay info,Alejandro Tous,Única Representaciones
449,dani-gallardo,no hay info,Ana Puerto,Única Representaciones
450,dani-gallardo,no hay info,Carmen Rico,Única Representaciones
451,dani-gallardo,no hay info,,Única Representaciones
452,dani-gallardo,no hay info,,Única Representaciones
453,dani-gallardo,no hay info,San Sebastia,Única Representaciones
454,dani-gallardo,no hay info,,Única Representaciones
455,carlos-de-austria,no hay info,Roger Gual,Única Representaciones
456,carlos-de-austria,no hay info,Benito Zambrano,Única Representaciones
457,carlos-de-austria,no hay info,Vicente Fuentes,Única Representaciones
458,carlos-de-austria,no hay info,Carles Alfaro,Única Representaciones
459,carlos-de-austria,no hay info,Carmen Rico,Única Representaciones
460,carlos-de-austria,no hay info,Manuel Canseco,Única Representaciones
461,carlos-de-austria,no hay info,Paz Sayago,Única Representaciones
462,carlos-de-austria,no hay info,,Única Representaciones
463,carlos-de-austria,no hay info,,Única Representaciones
464,carlos-de-austria,no hay info,,Única Representaciones
465,pablo-vázquez,no hay info,,Única Representaciones
466,pablo-vázquez,no hay info,,Única Representaciones
467,pablo-vázquez,no hay info,,Única Representaciones
468,pablo-vázquez,Casablanca,Premio Mejor,Única Representaciones
469,pablo-vázquez,Casablanca,Actor Secundario,Única Representaciones
470,pablo-vázquez,Casablanca,Teatro Internacional,Única Representaciones
471,pablo-vázquez,Sitges,La Guarida,Única Representaciones
472,pablo-vázquez,Sitges,Personaje Matías,Única Representaciones
473,alejandro-sigüenza,no hay info,Arte Dramático,Única Representaciones
474,alejandro-sigüenza,no hay info,,Única Representaciones
475,alejandro-sigüenza,no hay info,Técnica Chevoj,Única Representaciones
476,alejandro-sigüenza,no hay info,Carlos Aladro,Única Representaciones
477,alejandro-sigüenza,no hay info,Vicente Fuentes,Única Representaciones
478,alejandro-sigüenza,no hay info,Danza Histórica,Única Representaciones
479,alejandro-sigüenza,no hay info,Javier García,Única Representaciones
480,alejandro-sigüenza,no hay info,Percusión Antigua,Única Representaciones
481,alejandro-sigüenza,no hay info,Rodrigo Muñoz,Única Representaciones
482,alejandro-sigüenza,no hay info,El Movimiento,Única Representaciones
483,alejandro-sigüenza,no hay info,Norman Taylor,Única Representaciones
484,alejandro-sigüenza,no hay info,Creación Teatral,Única Representaciones
485,alejandro-sigüenza,no hay info,Santiago Sánchez,Única Representaciones
486,alejandro-sigüenza,no hay info,Mi Vida,Única Representaciones
487,alejandro-sigüenza,no hay info,,Única Representaciones
488,juanma-cifuentes,no hay info,,Única Representaciones
489,juanma-cifuentes,no hay info,,Única Representaciones
490,juanma-cifuentes,Madrid,,Única Representaciones
491,juanma-cifuentes,no hay info,,Única Representaciones
492,juanma-cifuentes,no hay info,,Única Representaciones
493,juanma-cifuentes,no hay info,,Única Representaciones
494,juanma-cifuentes,no hay info,,Única Representaciones
495,juanma-cifuentes,no hay info,,Única Representaciones
496,manu-hernández,Murcia,Arte Dramático,Única Representaciones
497,manu-hernández,no hay info,,Única Representaciones
498,manu-hernández,no hay info,,Única Representaciones
499,manu-hernández,no hay info,,Única Representaciones
500,manu-hernández,no hay info,,Única Representaciones
501,manu-hernández,no hay info,,Única Representaciones
502,manu-hernández,no hay info,,Única Representaciones
503,carlos-seguí,Murcia,Arte Dramático,Única Representaciones
504,carlos-seguí,no hay info,Macarena Pombo,Única Representaciones
505,carlos-seguí,no hay info,Interpretación Audiovisual,Única Representaciones
506,carlos-seguí,no hay info,Ramón Quesada,Única Representaciones
507,carlos-seguí,no hay info,Luis Gimeno,Única Representaciones
508,carlos-seguí,no hay info,Anne Morine,Única Representaciones
509,carlos-seguí,no hay info,Valeria Ardito,Única Representaciones
510,carlos-seguí,no hay info,,Única Representaciones
511,carlos-seguí,no hay info,,Única Representaciones
512,carlos-seguí,no hay info,Danza Jazz,Única Representaciones
513,carlos-seguí,no hay info,,Única Representaciones
514,fernando-moraleda,no hay info,Pape Pérez,Única Representaciones
515,fernando-moraleda,no hay info,Arte Dramático,Única Representaciones
516,fernando-moraleda,no hay info,Actores Gina,Única Representaciones
517,fernando-moraleda,no hay info,Paco Pino,Única Representaciones
518,fernando-moraleda,no hay info,El Actor,Única Representaciones
519,fernando-moraleda,no hay info,Pape Pérez,Única Representaciones
520,fernando-moraleda,no hay info,,Única Representaciones
521,víctor-huerta,no hay info,Montxo Armandariz,Única Representaciones
522,joaquín-gómez,no hay info,,Única Representaciones
523,joaquín-gómez,no hay info,Antonio Bolinches,Única Representaciones
524,joaquín-gómez,no hay info,Alberto Miralles,Única Representaciones
525,joaquín-gómez,no hay info,Antonio Chic,Única Representaciones
526,joaquín-gómez,no hay info,,Única Representaciones
527,paula-gallego,no hay info,,Única Representaciones
528,paula-gallego,no hay info,,Única Representaciones
529,paula-gallego,no hay info,,Única Representaciones
530,alejandra-lorenzo,no hay info,Curso El,Única Representaciones
531,alejandra-lorenzo,no hay info,Galo Figueira,Única Representaciones
532,alejandra-lorenzo,no hay info,Médula Índigo,Única Representaciones
533,alejandra-lorenzo,no hay info,,Única Representaciones
534,alejandra-lorenzo,no hay info,,Única Representaciones
535,alejandra-lorenzo,no hay info,,Única Representaciones
536,alejandra-lorenzo,no hay info,,Única Representaciones
537,alejandra-lorenzo,no hay info,,Única Representaciones
538,alejandra-lorenzo,no hay info,,Única Representaciones
539,irene-rojo,no hay info,Julián Fuentes,Única Representaciones
540,irene-rojo,no hay info,José Carlos,Única Representaciones
541,irene-rojo,no hay info,Carlota Ferrer,Única Representaciones
542,irene-rojo,no hay info,Verónica Ronda,Única Representaciones
543,irene-rojo,no hay info,Andrés Lima,Única Representaciones
544,irene-rojo,no hay info,Claudio Tolcachir,Única Representaciones
545,irene-rojo,no hay info,Juan Codina,Única Representaciones
546,irene-rojo,no hay info,Psicoterapia Gestalt,Única Representaciones
547,irene-rojo,no hay info,John Strasberg,Única Representaciones
548,irene-rojo,no hay info,Lucas Condró,Única Representaciones
549,irene-rojo,no hay info,Francesco Carrill,Única Representaciones
550,irene-rojo,no hay info,Chevy Muraday,Única Representaciones
551,irene-rojo,no hay info,Alberto Velasco,Única Representaciones
552,irene-rojo,no hay info,Javi Luna,Única Representaciones
553,irene-rojo,no hay info,Jose Manuel,Única Representaciones
554,irene-rojo,no hay info,Alfonso Albacete,Única Representaciones
555,irene-rojo,no hay info,Carmen Rico,Única Representaciones
556,irene-rojo,no hay info,Fernando Soto,Única Representaciones
557,irene-rojo,no hay info,Roberto Cerdá,Única Representaciones
558,irene-rojo,no hay info,Intensivo Suzuki,Única Representaciones
559,irene-rojo,no hay info,Gabriel Olivares,Única Representaciones
560,irene-rojo,no hay info,Juan Carlos,Única Representaciones
561,irene-rojo,no hay info,Mar Navarro,Única Representaciones
562,irene-rojo,no hay info,Andrés Hernández,Única Representaciones
563,irene-rojo,no hay info,Eduardo Casanova,Única Representaciones
564,irene-rojo,no hay info,Técnica Meisner,Única Representaciones
565,irene-rojo,no hay info,Yolanda Vega,Única Representaciones
566,irene-rojo,no hay info,Raquel Pérez,Única Representaciones
567,irene-rojo,no hay info,Rosa Manteiga,Única Representaciones
568,irene-rojo,no hay info,Escuela Internacional,Única Representaciones
569,irene-rojo,no hay info,Chemi López,Única Representaciones
570,irene-rojo,no hay info,Escuela Internacional,Única Representaciones
571,irene-rojo,no hay info,,Única Representaciones
572,irene-rojo,no hay info,Intensivo Interpretación,Única Representaciones
573,irene-rojo,no hay info,Nacho Guerreros,Única Representaciones
574,irene-rojo,no hay info,Curso Intensivo,Única Representaciones
575,irene-rojo,no hay info,Verónica Forqué,Única Representaciones
576,irene-rojo,no hay info,Escuela Expresando,Única Representaciones
577,irene-rojo,no hay info,Workshop Teatro,Única Representaciones
578,irene-rojo,no hay info,Victor Ullate,Única Representaciones
579,irene-rojo,no hay info,Niko Ibañez,Única Representaciones
580,irene-rojo,no hay info,Laura Rodriguez,Única Representaciones
581,irene-rojo,no hay info,Javier Olivares,Única Representaciones
582,irene-rojo,no hay info,Esteban Roel,Única Representaciones
583,irene-rojo,no hay info,Andrés Cuenca,Única Representaciones
584,irene-rojo,no hay info,Actores Unir,Única Representaciones
585,irene-rojo,no hay info,Casting Carlos,Única Representaciones
586,irene-rojo,no hay info,William Layton,Única Representaciones
587,irene-rojo,no hay info,Andrea Jaurrieta,Única Representaciones
588,irene-rojo,no hay info,,Única Representaciones
589,irene-rojo,no hay info,,Única Representaciones
590,irene-rojo,no hay info,Educación Social,Única Representaciones
591,irene-rojo,no hay info,,Única Representaciones
592,irene-rojo,no hay info,,Única Representaciones
593,irene-rojo,no hay info,,Única Representaciones
594,irene-rojo,no hay info,,Única Representaciones
595,raquel-nogueira,no hay info,Real Escuela,Única Representaciones
596,raquel-nogueira,no hay info,Arte Dramático,Única Representaciones
597,raquel-nogueira,no hay info,Escuela Municipal,Única Representaciones
598,raquel-nogueira,Santiago de Compostela,Vicente Fuentes,Única Representaciones
599,raquel-nogueira,no hay info,María Velasco,Única Representaciones
600,raquel-nogueira,no hay info,Centro Dramático,Única Representaciones
601,raquel-nogueira,no hay info,Cámara Avanzado,Única Representaciones
602,raquel-nogueira,no hay info,Actores Madrid,Única Representaciones
603,raquel-nogueira,no hay info,Juana Martinez,Única Representaciones
604,raquel-nogueira,no hay info,Escuela Actores,Única Representaciones
605,raquel-nogueira,no hay info,José Padilla,Única Representaciones
606,raquel-nogueira,no hay info,Will Keen,Única Representaciones
607,raquel-nogueira,no hay info,Ernesto Arias,Única Representaciones
608,raquel-nogueira,no hay info,Rodrigo Arribas,Única Representaciones
609,raquel-nogueira,no hay info,Charo Amador,Única Representaciones
610,raquel-nogueira,no hay info,,Única Representaciones
611,raquel-nogueira,no hay info,,Única Representaciones
612,raquel-nogueira,no hay info,,Única Representaciones
613,ana-verónica-schultz,no hay info,Técnico Superior,Única Representaciones
614,ana-verónica-schultz,no hay info,Artes Escénicas,Única Representaciones
615,ana-verónica-schultz,no hay info,Escuela Nacional,Única Representaciones
616,ana-verónica-schultz,no hay info,Artes Escénicas,Única Representaciones
617,ana-verónica-schultz,no hay info,César Rengifo,Única Representaciones
618,ana-verónica-schultz,no hay info,Frankenstein Studio,Única Representaciones
619,ana-verónica-schultz,no hay info,Casting Nathalie,Única Representaciones
620,ana-verónica-schultz,no hay info,,Única Representaciones
621,ana-verónica-schultz,no hay info,Blubalum Film,Única Representaciones
622,ana-verónica-schultz,no hay info,Álvaro Morte,Única Representaciones
623,ana-verónica-schultz,Barcelona,,Única Representaciones
624,ana-verónica-schultz,no hay info,Francisco Díaz,Única Representaciones
625,ana-verónica-schultz,no hay info,Coliseo Toledano,Única Representaciones
626,ana-verónica-schultz,no hay info,Pedro Ballesteros,Única Representaciones
627,ana-verónica-schultz,no hay info,Genis Pérez,Única Representaciones
628,ana-verónica-schultz,no hay info,Aníbal Grun,Única Representaciones
629,ana-verónica-schultz,Caracas,Belinda Villanueva,Única Representaciones
630,ana-verónica-schultz,Caracas,Radio Televisión,Única Representaciones
631,ana-verónica-schultz,no hay info,Gerónimo Reyes,Única Representaciones
632,ana-verónica-schultz,no hay info,Compañía Nacional,Única Representaciones
633,ana-verónica-schultz,Caracas,Formación Escénica,Única Representaciones
634,ana-verónica-schultz,no hay info,Escuela Superior,Única Representaciones
635,ana-verónica-schultz,no hay info,Arte Escénico,Única Representaciones
636,ana-verónica-schultz,no hay info,Juana Sujo,Única Representaciones
637,ana-verónica-schultz,no hay info,Formación Escénica,Única Representaciones
638,ana-verónica-schultz,no hay info,,Única Representaciones
639,ana-verónica-schultz,no hay info,,Única Representaciones
640,ana-verónica-schultz,no hay info,,Única Representaciones
641,ana-verónica-schultz,no hay info,,Única Representaciones
642,gemma-marín,no hay info,Juan Codina,Única Representaciones
643,gemma-marín,no hay info,Juan Codina,Única Representaciones
644,gemma-marín,no hay info,Drama Acting,Única Representaciones
645,gemma-marín,no hay info,Raquel Pérez,Única Representaciones
646,gemma-marín,no hay info,Cold Reading,Única Representaciones
647,gemma-marín,no hay info,Anthony Meindl,Única Representaciones
648,gemma-marín,no hay info,Accent Coach,Única Representaciones
649,gemma-marín,no hay info,Esther Caporale,Única Representaciones
650,gemma-marín,no hay info,,Única Representaciones
651,gemma-marín,no hay info,,Única Representaciones
652,gemma-marín,no hay info,,Única Representaciones
653,gemma-marín,no hay info,Inglés Biling,Única Representaciones
654,silvia-acosta,Sevilla,Arte Dramático,Única Representaciones
655,silvia-acosta,Sevilla,Escuela Superior,Única Representaciones
656,silvia-acosta,Sevilla,Arte Dramático,Única Representaciones
657,silvia-acosta,no hay info,Alex Rigola,Única Representaciones
658,silvia-acosta,no hay info,Carmen Rico,Única Representaciones
659,silvia-acosta,no hay info,Jose Carlos,Única Representaciones
660,silvia-acosta,no hay info,Gabriel Olivares,Única Representaciones
661,silvia-acosta,no hay info,Alfredo Sanzol,Única Representaciones
662,silvia-acosta,no hay info,Danza Contemporánea,Única Representaciones
663,silvia-acosta,no hay info,Chevy Muraday,Única Representaciones
664,silvia-acosta,no hay info,Jose Carlos,Única Representaciones
665,silvia-acosta,no hay info,Jose Luis,Única Representaciones
666,silvia-acosta,no hay info,Ernesto Arias,Única Representaciones
667,silvia-acosta,no hay info,Vicente Fuentes,Única Representaciones
668,silvia-acosta,no hay info,La Vida,Única Representaciones
669,silvia-acosta,no hay info,Carles Alfaro,Única Representaciones
670,silvia-acosta,Saratoga Springs,Company Summer,Única Representaciones
671,silvia-acosta,Saratoga Springs,Anne Bogart,Única Representaciones
672,silvia-acosta,Saratoga Springs,Saratoga Springs,Única Representaciones
673,silvia-acosta,Saratoga Springs,Nueva York,Única Representaciones
674,silvia-acosta,no hay info,Programa Educacional,Única Representaciones
675,silvia-acosta,no hay info,Instituto Grotowsky,Única Representaciones
676,silvia-acosta,no hay info,Raúl Iaiza,Única Representaciones
677,silvia-acosta,Sevilla,Investigación Teatral,Única Representaciones
678,silvia-acosta,Madrid,,Única Representaciones
679,silvia-acosta,no hay info,,Única Representaciones
680,silvia-acosta,no hay info,,Única Representaciones
681,silvia-acosta,no hay info,,Única Representaciones
682,bárbara-oteiza,no hay info,,Única Representaciones
683,bárbara-oteiza,no hay info,Paz Go,Única Representaciones
684,bárbara-oteiza,no hay info,Working Progress,Única Representaciones
685,bárbara-oteiza,no hay info,Masterclass Bernard,Única Representaciones
686,bárbara-oteiza,no hay info,Susan Batson,Única Representaciones
687,bárbara-oteiza,Layton,Laboratorio William,Única Representaciones
688,bárbara-oteiza,no hay info,Gimnasia Rítmica,Única Representaciones
689,bárbara-oteiza,no hay info,,Única Representaciones
690,ana-roche,no hay info,Arte Dramático,Única Representaciones
691,ana-roche,Versailles,Académie Internationale,Única Representaciones
692,ana-roche,no hay info,Grado Medio,Única Representaciones
693,ana-roche,no hay info,Danza Contemporánea,Única Representaciones
694,ana-roche,no hay info,Area Bcn,Única Representaciones
695,ana-roche,no hay info,Centre Superior,Única Representaciones
696,ana-roche,no hay info,Grado Elemental,Única Representaciones
697,ana-roche,no hay info,,Única Representaciones
698,ana-roche,no hay info,,Única Representaciones
699,ana-roche,no hay info,,Única Representaciones
700,ana-roche,no hay info,,Única Representaciones
701,ana-roche,no hay info,,Única Representaciones
702,ana-roche,no hay info,Escuela Municipal,Única Representaciones
703,ana-roche,Almansa,Lorena La,Única Representaciones
704,ana-roche,Almansa,Universidad Popular,Única Representaciones
705,ana-roche,no hay info,,Única Representaciones
706,ana-roche,no hay info,,Única Representaciones
707,ana-del-arco,no hay info,Real Escuela,Única Representaciones
708,ana-del-arco,no hay info,Arte Drama,Única Representaciones
709,ana-del-arco,no hay info,Danza Cla,Única Representaciones
710,ana-del-arco,no hay info,Conservatorio Profesional,Única Representaciones
711,ana-del-arco,no hay info,Fernando Piernas,Única Representaciones
712,ana-del-arco,no hay info,Mariano Barroso,Única Representaciones
713,ana-del-arco,no hay info,Lucha Esce,Única Representaciones
714,ana-del-arco,no hay info,,Única Representaciones
715,ana-del-arco,no hay info,,Única Representaciones
716,ana-del-arco,no hay info,,Única Representaciones
717,ana-del-arco,no hay info,,Única Representaciones
718,ana-del-arco,no hay info,,Única Representaciones
719,ana-del-arco,no hay info,,Única Representaciones
720,solange-bruzual,Madrid,,Única Representaciones
721,solange-bruzual,no hay info,Cristina Alcazar,Única Representaciones
722,solange-bruzual,no hay info,Pole Dance,Única Representaciones
723,solange-bruzual,no hay info,,Única Representaciones
724,solange-bruzual,no hay info,,Única Representaciones
725,solange-bruzual,no hay info,Curso Coaching,Única Representaciones
726,solange-bruzual,no hay info,,Única Representaciones
727,solange-bruzual,no hay info,Ballet Clásico,Única Representaciones
728,solange-bruzual,no hay info,,Única Representaciones
729,solange-bruzual,no hay info,Pole Dance,Única Representaciones
730,camille-glemet,New York,Tisch School,Única Representaciones
731,camille-glemet,New York,New York,Única Representaciones
732,camille-glemet,New York,Nueva York,Única Representaciones
733,camille-glemet,no hay info,,Única Representaciones
734,camille-glemet,Paris,Cours Florent,Única Representaciones
735,camille-glemet,Paris,European Acting,Única Representaciones
736,camille-glemet,Paris,Po Paris,Única Representaciones
737,camille-glemet,no hay info,,Única Representaciones
738,camille-glemet,no hay info,,Única Representaciones
739,camille-glemet,no hay info,Workshop Tennessee,Única Representaciones
740,camille-glemet,no hay info,Jordan Beswick,Única Representaciones
741,camille-glemet,no hay info,Dan Hubbard,Única Representaciones
742,camille-glemet,no hay info,Álvaro Fernandez,Única Representaciones
743,camille-glemet,no hay info,Actores Madrid,Única Representaciones
744,camille-glemet,Paris,Studio Pygmalion,Única Representaciones
745,camille-glemet,Paris,Pascal Luneau,Única Representaciones
746,camille-glemet,Paris,Caitlin Adams,Única Representaciones
747,camille-glemet,Paris,Acting Workshop,Única Representaciones
748,camille-glemet,Paris,Damien Acoca,Única Representaciones
749,camille-glemet,Paris,Nora Habib,Única Representaciones
750,camille-glemet,no hay info,,Única Representaciones
751,camille-glemet,no hay info,,Única Representaciones
752,camille-glemet,no hay info,,Única Representaciones
753,camille-glemet,no hay info,,Única Representaciones
754,camille-glemet,Madrid,Music Hall,Única Representaciones
755,camille-glemet,Madrid,Luis Santamaria,Única Representaciones
756,camille-glemet,Madrid,Arts Chorégraphiques,Única Representaciones
757,camille-glemet,Madrid,Faure Paris,Única Representaciones
758,camille-glemet,Madrid,Tisch School,Única Representaciones
759,camille-glemet,Madrid,Arts New,Única Representaciones
760,camille-glemet,Madrid,York University,Única Representaciones
761,camille-glemet,no hay info,,Única Representaciones
762,camille-glemet,no hay info,,Única Representaciones
763,maría-herrador,Córdoba,,Única Representaciones
764,maría-herrador,Madrid,,Única Representaciones
765,maría-herrador,Madrid,Jaime Chávarri,Única Representaciones
766,maría-herrador,no hay info,Performance Art,Única Representaciones
767,maría-herrador,Madrid,Miguel Punzano,Única Representaciones
768,maría-herrador,Madrid,Lorena García,Única Representaciones
769,maría-herrador,Madrid,,Única Representaciones
770,maría-herrador,no hay info,Laboratorio Rivas,Única Representaciones
771,maría-herrador,no hay info,Centro Dramático,Única Representaciones
772,maría-herrador,Granada,Alberto Cortés,Única Representaciones
773,maría-herrador,Madrid,,Única Representaciones
774,maría-herrador,no hay info,,Única Representaciones
775,maría-herrador,no hay info,,Única Representaciones
776,maría-herrador,no hay info,,Única Representaciones
777,maría-herrador,no hay info,,Única Representaciones
778,maría-herrador,no hay info,,Única Representaciones
779,maría-herrador,no hay info,,Única Representaciones
780,maría-herrador,no hay info,,Única Representaciones
781,camino-fernández,Layton,Laboratorio William,Única Representaciones
782,camino-fernández,Layton,John Strasberg,Única Representaciones
783,camino-fernández,no hay info,,Única Representaciones
784,camino-fernández,no hay info,Cristina García,Única Representaciones
785,camino-fernández,no hay info,Studi Danza,Única Representaciones
786,camino-fernández,no hay info,Gianni Zaril,Única Representaciones
787,camino-fernández,no hay info,,Única Representaciones
788,camino-fernández,no hay info,Victor Ullate,Única Representaciones
789,camino-fernández,no hay info,Teatro Auditorio,Única Representaciones
790,camino-fernández,no hay info,Víctor Ullate,Única Representaciones
791,camino-fernández,no hay info,Teatro Albeniz,Única Representaciones
792,camino-fernández,no hay info,,Única Representaciones
793,camino-fernández,no hay info,,Única Representaciones
794,elena-rayos,no hay info,Arte Dramático,Única Representaciones
795,elena-rayos,no hay info,Real Escuela,Única Representaciones
796,elena-rayos,no hay info,Arte Dramático,Única Representaciones
797,elena-rayos,no hay info,,Única Representaciones
798,elena-rayos,no hay info,,Única Representaciones
799,elena-rayos,no hay info,,Única Representaciones
800,elena-rayos,no hay info,,Única Representaciones
801,inge-martín,no hay info,Antropología Social,Única Representaciones
802,inge-martín,Madrid,Interpretación Textual,Única Representaciones
803,inge-martín,no hay info,Performing Arts,Única Representaciones
804,inge-martín,no hay info,Middlesex University,Única Representaciones
805,inge-martín,Buenos Aires,Curso Regular,Única Representaciones
806,inge-martín,Buenos Aires,Alejandro Catalán,Única Representaciones
807,inge-martín,Buenos Aires,Buenos Aires,Única Representaciones
808,inge-martín,Madrid,Declan Donellan,Única Representaciones
809,inge-martín,Madrid,Centro Dramático,Única Representaciones
810,inge-martín,Buenos Aires,Javier Daulte,Única Representaciones
811,inge-martín,Buenos Aires,El Callejón,Única Representaciones
812,inge-martín,Buenos Aires,Buenos Aires,Única Representaciones
813,inge-martín,Mariano,,Única Representaciones
814,inge-martín,no hay info,Susan Batson,Única Representaciones
815,inge-martín,no hay info,,Única Representaciones
816,inge-martín,no hay info,,Única Representaciones
817,inge-martín,no hay info,,Única Representaciones
818,inge-martín,no hay info,,Única Representaciones
819,inge-martín,no hay info,,Única Representaciones
820,inge-martín,no hay info,,Única Representaciones
821,inge-martín,no hay info,,Única Representaciones
822,inge-martín,Madrid,Danza Clásica,Única Representaciones
823,inge-martín,Madrid,Estudio Carmen,Única Representaciones
824,inge-martín,no hay info,,Única Representaciones
825,inge-martín,Un,Premio Mi,Única Representaciones
826,inge-martín,Un,El Mundo,Única Representaciones
827,inge-martín,no hay info,,Única Representaciones
828,natalia-hernández,no hay info,Projet Thierry,Única Representaciones
829,natalia-hernández,no hay info,Antonio Latella,Única Representaciones
830,natalia-hernández,no hay info,Teatro Clásico,Única Representaciones
831,natalia-hernández,no hay info,Denis Rafter,Única Representaciones
832,natalia-hernández,no hay info,Compañía Nacional,Única Representaciones
833,natalia-hernández,no hay info,Teatro Clásico,Única Representaciones
834,natalia-hernández,no hay info,Cesar Oliva,Única Representaciones
835,natalia-hernández,no hay info,Teatro Clásico,Única Representaciones
836,natalia-hernández,no hay info,Teatro Clásico,Única Representaciones
837,natalia-hernández,no hay info,Arte Dramático,Única Representaciones
838,natalia-hernández,no hay info,Real Escuela,Única Representaciones
839,natalia-hernández,no hay info,Arte Dramatico,Única Representaciones
840,natalia-hernández,no hay info,Dña Micheline,Única Representaciones
841,natalia-hernández,Un,Angel Gutiérrez,Única Representaciones
842,natalia-hernández,no hay info,Dña Yolanda,Única Representaciones
843,natalia-hernández,Madrid,Real Conservatorio,Única Representaciones
844,natalia-hernández,no hay info,,Única Representaciones
845,natalia-hernández,no hay info,,Única Representaciones
846,natalia-hernández,no hay info,Sigfredo Diaz,Única Representaciones
847,natalia-hernández,no hay info,Julio Pardo,Única Representaciones
848,natalia-hernández,London,Royal Academy,Única Representaciones
849,natalia-hernández,no hay info,Experiencia Musical,Única Representaciones
850,natalia-hernández,no hay info,Zorba El,Única Representaciones
851,natalia-hernández,no hay info,Gustavo Tambascio,Única Representaciones
852,natalia-hernández,no hay info,Bellas Artes,Única Representaciones
853,natalia-hernández,no hay info,,Única Representaciones
854,natalia-hernández,no hay info,,Única Representaciones
855,natalia-hernández,Como,,Única Representaciones
856,natalia-hernández,Como,,Única Representaciones
857,natalia-hernández,no hay info,Teresa Berganza,Única Representaciones
858,natalia-hernández,no hay info,,Única Representaciones
859,anabel-maurín,Córdoba,Arte Dramático,Única Representaciones
860,anabel-maurín,Madrid,Teatro Clásico,Única Representaciones
861,anabel-maurín,no hay info,,Única Representaciones
862,anabel-maurín,no hay info,José Carlos,Única Representaciones
863,anabel-maurín,no hay info,Pablo Messiez,Única Representaciones
864,anabel-maurín,no hay info,Will Keen,Única Representaciones
865,anabel-maurín,no hay info,Juan Cavestany,Única Representaciones
866,anabel-maurín,no hay info,Martín Cuenca,Única Representaciones
867,anabel-maurín,no hay info,Augusto Fernándes,Única Representaciones
868,anabel-maurín,no hay info,Mar Navarro,Única Representaciones
869,anabel-maurín,no hay info,,Única Representaciones
870,anabel-maurín,no hay info,Conservatorio Superior,Única Representaciones
871,anabel-maurín,no hay info,,Única Representaciones
872,anabel-maurín,no hay info,Asesora Voz,Única Representaciones
873,anabel-maurín,no hay info,Borja Rodríguez,Única Representaciones
874,anabel-maurín,no hay info,Ballet Rafael,Única Representaciones
875,anabel-maurín,no hay info,La Hermosa,Única Representaciones
876,anabel-maurín,no hay info,Borja Rodríguez,Única Representaciones
877,anabel-maurín,no hay info,Esgrima Escénica,Única Representaciones
878,anabel-maurín,no hay info,Federico Wergne,Única Representaciones
879,anabel-maurín,Monzón,,Única Representaciones
880,anabel-maurín,no hay info,Colaboradora Cadena,Única Representaciones
881,anabel-maurín,no hay info,Ser Puertollano,Única Representaciones
882,anabel-maurín,no hay info,,Única Representaciones
883,anabel-maurín,no hay info,Nivel Medio,Única Representaciones
884,anabel-maurín,no hay info,,Única Representaciones
885,tatiana-astengo,Una,Gilbert Rouvi,Única Representaciones
886,tatiana-astengo,Una,Bruno Pereyra,Única Representaciones
887,tatiana-astengo,Una,Taller Timbre,Única Representaciones
888,tatiana-astengo,Una,Módulos Dirección,Única Representaciones
889,tatiana-astengo,Una,Claudio Tocachir,Única Representaciones
890,tatiana-astengo,Una,Fernando Piernas,Única Representaciones
891,tatiana-astengo,Una,Fernando Piernas,Única Representaciones
892,tatiana-astengo,Una,Estudio Internacional,Única Representaciones
893,tatiana-astengo,Una,Juan Carlos,Única Representaciones
894,tatiana-astengo,Una,Madrid En,Única Representaciones
895,tatiana-astengo,Una,Elvira Vicario,Única Representaciones
896,tatiana-astengo,Una,Improvisación Dirección,Única Representaciones
897,tatiana-astengo,Una,Consuelo Trujillo,Única Representaciones
898,tatiana-astengo,Una,Técnica Dirección,Única Representaciones
899,tatiana-astengo,Una,Manuel Morán,Única Representaciones
900,tatiana-astengo,Una,Universidad Católica,Única Representaciones
901,tatiana-astengo,Una,Dirección Cinematográfica,Única Representaciones
902,tatiana-astengo,Una,Peter Foster,Única Representaciones
903,tatiana-astengo,Una,Personaje Dirección,Única Representaciones
904,tatiana-astengo,Una,Peter Foster,Única Representaciones
905,tatiana-astengo,Una,Clown Dirección,Única Representaciones
906,tatiana-astengo,Una,July Natters,Única Representaciones
907,tatiana-astengo,Una,Dirección Escénica,Única Representaciones
908,tatiana-astengo,Una,De Material,Única Representaciones
909,tatiana-astengo,Una,Dramático Dirección,Única Representaciones
910,tatiana-astengo,Una,Jorge Guerra,Única Representaciones
911,tatiana-astengo,Una,New World,Única Representaciones
912,tatiana-astengo,Una,Teoría Teatral,Única Representaciones
913,tatiana-astengo,Una,Alberto Isola,Única Representaciones
914,tatiana-astengo,Una,Expresión Corporal,Única Representaciones
915,tatiana-astengo,Una,Danza Dirección,Única Representaciones
916,tatiana-astengo,Una,Mirella Carbone,Única Representaciones
917,tatiana-astengo,Una,Impostación Vocal,Única Representaciones
918,tatiana-astengo,Una,Teresa Rally,Única Representaciones
919,tatiana-astengo,Una,José Bárcenas,Única Representaciones
920,tatiana-astengo,Una,Escuela Cantorium,Única Representaciones
921,tatiana-astengo,Una,Mariella Monzón,Única Representaciones
922,tatiana-astengo,Una,Manuel Cuadros,Única Representaciones
923,tatiana-astengo,Una,Bar Impostación,Única Representaciones
924,tatiana-astengo,Una,Canto Dirección,Única Representaciones
925,tatiana-astengo,Una,Manuel Cuadros,Única Representaciones
926,tatiana-astengo,Una,Club Teatro,Única Representaciones
927,tatiana-astengo,Una,Lima Arte,Única Representaciones
928,tatiana-astengo,Una,Dramático Dirección,Única Representaciones
929,tatiana-astengo,Una,Reynaldo Damore,Única Representaciones
930,tatiana-astengo,Una,Universidad San,Única Representaciones
931,tatiana-astengo,Una,Porres Ciencias,Única Representaciones
932,tatiana-astengo,Una,Dancing Art,Única Representaciones
933,tatiana-astengo,Una,Danza Moderna,Única Representaciones
934,tatiana-astengo,Una,Expresión Corporal,Única Representaciones
935,tatiana-astengo,no hay info,,Única Representaciones
936,eva-trancón,Madrid,Arte Dramático,Única Representaciones
937,eva-trancón,Madrid,Real Escuela,Única Representaciones
938,eva-trancón,Madrid,Arte Dramático,Única Representaciones
939,eva-trancón,Salamanca,Relaciones Laborales,Única Representaciones
940,eva-trancón,no hay info,Luciano García,Única Representaciones
941,eva-trancón,no hay info,Francisco Portes,Única Representaciones
942,eva-trancón,no hay info,Antonio Fava,Única Representaciones
943,eva-trancón,no hay info,Scuela Internazionale,Única Representaciones
944,eva-trancón,no hay info,Attore Comico,Única Representaciones
945,eva-trancón,no hay info,Regio Emilia,Única Representaciones
946,eva-trancón,Cervia,Un Palcoscenico,Única Representaciones
947,eva-trancón,Cervia,Franca Rame,Única Representaciones
948,eva-trancón,Cervia,Dario Fo,Única Representaciones
949,eva-trancón,no hay info,Tango Argentino,Única Representaciones
950,eva-trancón,no hay info,Nivel Alto,Única Representaciones
951,eva-trancón,no hay info,Titulación Open,Única Representaciones
952,eva-trancón,Madrid,Theatre Complicité,Única Representaciones
953,eva-trancón,Madrid,Marcelo Magni,Única Representaciones
954,eva-trancón,Madrid,Fundación Teatro,Única Representaciones
955,eva-trancón,Madrid,Augusto Fernández,Única Representaciones
956,eva-trancón,Madrid,Seminario Práctico,Única Representaciones
957,eva-trancón,Madrid,Guillermo Heras,Única Representaciones
958,eva-trancón,no hay info,Will Kane,Única Representaciones
959,eva-trancón,no hay info,,Única Representaciones
960,rosalía-omil,Madrid,Iñaki Aierra,Única Representaciones
961,rosalía-omil,Madrid,Agustín Bellusci,Única Representaciones
962,rosalía-omil,Madrid,Fernando Becerra,Única Representaciones
963,rosalía-omil,Madrid,Jorge Eines,Única Representaciones
964,rosalía-omil,Madrid,Elfo Teatro,Única Representaciones
965,rosalía-omil,Madrid,Alfonso Romera,Única Representaciones
966,rosalía-omil,Madrid,,Única Representaciones
967,rosalía-omil,no hay info,Teatro Joven,Única Representaciones
968,rosalía-omil,no hay info,Tonucha Vidal,Única Representaciones
969,rosalía-omil,no hay info,Maximiliano Priorello,Única Representaciones
970,rosalía-omil,no hay info,Jacopo Mandeli,Única Representaciones
971,rosalía-omil,no hay info,Taller La,Única Representaciones
972,rosalía-omil,no hay info,Manuel Becerra,Única Representaciones
973,rosalía-omil,no hay info,Laura Manzini,Única Representaciones
974,rosalía-omil,no hay info,,Única Representaciones
975,rosalía-omil,no hay info,,Única Representaciones
976,rosalía-omil,no hay info,,Única Representaciones
977,rosalía-omil,no hay info,,Única Representaciones
978,mar-vidal,no hay info,Nacho Guerreros,Única Representaciones
979,mar-vidal,no hay info,Técnicas Ante,Única Representaciones
980,mar-vidal,no hay info,Antonio Naharro,Única Representaciones
981,mar-vidal,no hay info,Concha Plata,Única Representaciones
982,mar-vidal,Madrid,Bel Armenteros,Única Representaciones
983,mar-vidal,Goya,Roger Gual,Única Representaciones
984,mar-vidal,no hay info,Carlos Sedes,Única Representaciones
985,mar-vidal,no hay info,Gran Hotel,Única Representaciones
986,mar-vidal,Murcia,La Voz,Única Representaciones
987,mar-vidal,Murcia,Carmen Acosta,Única Representaciones
988,mar-vidal,Madrid,Cristina Alcázar,Única Representaciones
989,mar-vidal,Madrid,Ana Pascuala,Única Representaciones
990,mar-vidal,Madrid,Laura Delgado,Única Representaciones
991,mar-vidal,Murcia,Antón Valén,Única Representaciones
992,mar-vidal,no hay info,Técnica Actoral,Única Representaciones
993,mar-vidal,no hay info,,Única Representaciones
994,mar-vidal,no hay info,,Única Representaciones
995,mar-vidal,no hay info,,Única Representaciones
996,mar-vidal,no hay info,,Única Representaciones
997,mar-vidal,no hay info,,Única Representaciones
998,mar-vidal,no hay info,,Única Representaciones
999,mar-vidal,no hay info,,Única Representaciones
1000,mar-vidal,Cartagena,,Única Representaciones
1001,mar-vidal,no hay info,,Única Representaciones
1002,mar-vidal,Cartagena,Improvisación Francisco,Única Representaciones
