,artista,medio,programa,produccion/director
0,javier-lorenzo,television,“CUÉNTAME  CÓMO  PASÓ” , (Oriol). Tve1. 2011-2021
1,javier-lorenzo,cine,“EL AVISO” , Dir. Daniel Calparsoro. 2018
2,javier-lorenzo,cine,”LIFE VEST UNDER YOUR SEAT” (Volamos hace Miami) , Cortometraje - Dir. Maria Giraldez y Miguel Provencio. *Seleccionado “Mejor corto de ficción en los Premios Goya 2014”
3,carlos-scholz,television,"""SIN LIMITES"" ", Amazon Prime Videos.
4,carlos-scholz,television,"""FERIA: LA LUZ MÁS OSCURA"" ", Filmax. Netflix
5,carlos-scholz,television,"""DESCONOCIDAS"" ", (Pablo). Dir. Peris Romano. Canal Sur
6,carlos-scholz,television,"""JODIDÍSIMAS"" ", María Dueñas. Audible - Amazon.
7,carlos-scholz,television,"""TOY BOY""", Antena3. Netflix.
8,carlos-scholz,cine,“AWARENESS” , Daniel Benmayor - AmazonPrime - (protagonista) - 2023.
9,carlos-scholz,cine,”MI OTRO JON” , Pago Arango - 2023.
10,carlos-scholz,cine,"""LA MANIOBRA DE LA TORTUGA"" ", Juan Miguel de Castillo - 2022.
11,carlos-scholz,teatro,"""ROMEO Y JULIETA""", Dir. Patateatro
12,carlos-scholz,teatro,"""COPLAS DE PABLO RUÍZ PICASSO""", Dir: Ángel Baena
13,carlos-scholz,teatro,"""CHICAGO, EL MUSICAL""", Dir: Celia Dolci
14,carlos-scholz,teatro,"""LA CASA HABITADA""", Dir. Ángel Baena
15,iván-montes,television,“El Otro Lado” , El Terrat - Movistar+ - 2023
16,iván-montes,television,"""YRREAL""", Moa Studios - Dir. Alberto Utrera - Playz.
17,iván-montes,television,"""EL SECRETO DE PUENTE VIEJO""", (personaje: Matías) - Antena 3.
18,iván-montes,cine,“ETROMA” , Corto - (personaje: Javier) - Dir. Jorge del Álamo. 2022
19,iván-montes,cine,”13 SEGUNDOS ANTES DEL AÑO NUEVO” , Corto - Dir. José Luis Grifol. 2022
20,iván-montes,cine,”EL BANCO” , Corto - (personaje: Rodri) - Dir. José Luis Grifol. 2022
21,iván-montes,cine,"""NO CULPES AL KARMA DE LO QUE TE PASA POR GILIPOLLAS""", Largometraje - Dir. María Ripoll
22,iván-montes,teatro,B,a
23,iván-montes,teatro, , 
24,iván-montes,teatro,," Skate, Baile moderno, DJ."
25,iván-montes,formacion,C,u
26,iván-montes,formacion,C,u
27,iván-montes,formacion,B,a
28,iván-montes,formacion,C,u
29,pepe-sevilla,television,A,M
30,pepe-sevilla,cine,S,I
31,pepe-sevilla,cine,M,A
32,pepe-sevilla,cine,C,R
33,pepe-sevilla,cine,E,L
34,pepe-sevilla,cine,D,o
35,pepe-sevilla,teatro,"""El cuaderno de Pitágoras"" ",  Dir. Carolina Africa. Personaje Luis Miguel. CDN 2022
36,pepe-sevilla,teatro,"""Fiesta de farsantes"" "," Versión de José Luis Alonso de Santos sobre Pasos de Lope de Rueda y dirección de Daniel Alonso. Personajes “Alguacil”, Sanguijuela” y “Tomillo”. Coliseo"
37,pepe-sevilla,teatro,"""Cuadros de amor y humor al fresco"" ",  escrita y dirigida por José Luis Alonso de Santos (Olvido Producciones SL). Personaje “El Niño”. 
38,pepe-sevilla,teatro,"""Diez euros la copa"" "," Obra en cuatro comidas y un epílogo, escrita y dirigida por José Luis Alonso de Santos (Olvido Producciones SL). Personaje “El Niño”. "
39,pepe-sevilla,teatro,"""Redención para Pármeno"" ", Alberto Gálvez. Dirección Roberto del Castar. Personaje “Pármeno”. 
40,pepe-sevilla,teatro,"""23 Rojo"" ",  Texto y dirección Mattis Gabriel de la Fuente. Dirección artística Cristina Marín Miró. Personaje “Orellana”. 
41,pepe-sevilla,teatro,"""Descomposición escénica (En varios cuadros y alguna viñeta"") ", Escrita y dirigida por A. Pérez Portillo. Producida por CNCC Compañía Nacional de Comedias Cómicas. 
42,pepe-sevilla,formacion,T,í
43,pepe-sevilla,formacion,1,º
44,pepe-sevilla,formacion,I,n
45,mateo-rubistein,television,“LOS PACIENTES DEL DOCTOR GARCÍA” , RTVE y  Diagonal tv.
46,mateo-rubistein,television,“HERIDAS”. , Antena 3.
47,mateo-rubistein,television,"""TODO POR EL JUEGO""", Movistar+
48,mateo-rubistein,television,"""CENTRO MÉDICO""", TVE
49,mateo-rubistein,television,"""EL GRAN QUEO""", Canal Sur
50,mateo-rubistein,television,"""LOS MISTERIOS DE LAURA"""," TVE, Amazon Prime"
51,mateo-rubistein,television,"""ÁGUILA ROJA"""," TVE, Amazon Prime"
52,mateo-rubistein,television,"""EL HIJO""", Filmin
53,mateo-rubistein,television,"""18.0""", Webserie. Dir. Julio Vera
54,mateo-rubistein,teatro,"""VIDAS ENTERRADAS""", Dir: Mariano Llorente
55,mateo-rubistein,teatro,"""BARRO""",  Dir: Jose Luis Arellano
56,mateo-rubistein,teatro,"""LA FUNDACIÓN""", Dir: Jose Luis Arellano
57,mateo-rubistein,teatro,"""DESGANA NACIONAL""", Proyecto Una Mirada Diferente
58,mateo-rubistein,teatro,"""CUATRO CORAZONES CON FRENO Y MARCHA ATRÁS""", Dir: Gabriel Olivares
59,mateo-rubistein,teatro,"""HANSEL Y GRETEL""", Dir: Silvia Galera
60,mateo-rubistein,teatro,"""ACTION! UN VOYAGE À TRAVERS LES SIÈCLES""", Cía Clic-Olé 
61,mateo-rubistein,teatro,"""LA HABITACIÓN DE MATEO/ EL CAMPAMENTO""", Dir. Andrew Bardwell
62,mateo-rubistein,teatro,"""LA ÚLTIMA NOCHE""", Dir. Jazz Vilá
63,mateo-rubistein,teatro,D,o
64,mateo-rubistein,teatro,"""",I
65,mateo-rubistein,formacion,M,Á
66,mateo-rubistein,formacion,D,R
67,mateo-rubistein,formacion,I,N
68,mateo-rubistein,formacion,C,R
69,mateo-rubistein,formacion,I,d
70,mateo-rubistein,formacion,I,n
71,mateo-rubistein,formacion,E,s
72,mateo-rubistein,formacion,O,t
73,mateo-rubistein,formacion,C,A
74,mateo-rubistein,formacion,L,A
75,mateo-rubistein,cortometrajes,“FANTASMA” , Dir. Roberto Pérez Toledo
76,mateo-rubistein,cortometrajes,"""PICNIK""", Dir. Enrico Farina
77,mateo-rubistein,cortometrajes,"""DE CÁNCER A LEO""", Dir. Marja Noponen
78,mateo-rubistein,cortometrajes,"""EL DEFENSOR""", Dir. Manuel H. Martín
79,víctor-castilla,television,“,R
80,víctor-castilla,television,"""APAGÓN"" ", Movistar. Dir. Rodrigo Sorogoyen
81,víctor-castilla,television,"""KOSTA "," The Paradise"" - Mediaproduccion."
82,víctor-castilla,television,"""DOS VIDAS” ", Bambú Producciones. RTVE.
83,víctor-castilla,television,"""LOS HOMBRES DE PACO""", Globomedia 
84,víctor-castilla,television,"""MALAKA""", TVE
85,víctor-castilla,cine,“MODELO 77” , (pers. Rompetechos) - Dir. Alberto Rodriguez.
86,víctor-castilla,cine,"""EL UNIVERSO DE OLIVER"" ", Dir. Alexis Morante
87,víctor-castilla,cine,"""CONTANDO OVEJAS""", Dir. José Corral
88,víctor-castilla,cine,"""TORO"" Toro", dIR. Kike Maillo
89,víctor-castilla,cine,"""",E
90,víctor-castilla,cine,*, 
91,víctor-castilla,teatro,"""¡QUÉ RUINA DE FUNCIÓN!""", Dir. Manuel Araújo
92,víctor-castilla,teatro,"""LA ÓPERA DE LOS TRES CENTAVOS""", Dir. Cristina Pinto
93,víctor-castilla,teatro,"""TRES SOMBREROS DE COPA""", Dir. Manuel Araújo
94,víctor-castilla,teatro,"""EL DESDÉN CON EL DESDÉN""", Dir. Inma Ruíz 
95,víctor-castilla,teatro,"""",C
96,víctor-castilla,teatro,"""",E
97,víctor-castilla,teatro,*, 
98,víctor-castilla,formacion,"Escuela Superior de Arte Dramático de Málaga, 2010",2015
99,víctor-castilla,formacion,I,d
100,víctor-castilla,formacion,I,n
101,víctor-castilla,formacion,F,r
102,víctor-castilla,formacion,H,a
103,víctor-castilla,formacion,E,s
104,víctor-castilla,formacion,P,i
105,víctor-castilla,cortometrajes,“FANTASMA” , Dir. Roberto Pérez Toledo
106,víctor-castilla,cortometrajes,"""PICNIK""", Dir. Enrico Farina
107,víctor-castilla,cortometrajes,"""DE CÁNCER A LEO""", Dir. Marja Noponen
108,víctor-castilla,cortometrajes,"""EL DEFENSOR""", Dir. Manuel H. Martín
109,david-mora,television,Curso de preparación para el casting con Raquel Pérez. ," Clases de voz con Vicente Fuentes, Sara Pérez y Laura Toledo."
110,david-mora,television,I,n
111,david-mora,television,O,t
112,david-mora,television,I,n
113,david-mora,television,"Deportes: esgrima, baile (funky, hip","hop), natación (subcampeón de España)."
114,david-mora,television,P,r
115,david-mora,television,," 2019: Premio del público por cortometraje ""iLove"" en Notodofilmfest."
116,david-mora,television,," 2014: Mejor Actor de Reparto por ""Los Amigos Raros"", Euphoria Int Competition."
117,david-mora,television,, 2008: Licenciado en Comunicación Audiovisual 13 Matrículas de Honor.
118,david-mora,television,w,w
119,david-mora,cine,"""LA NOVIA DE AMÉRICA"" ", Alfonso Albacete
120,david-mora,cine,"""LOS AMORES COBARDES""", Carmen Blanco 
121,david-mora,cine,"""KIKI, EL AMOR SE HACE""", Paco León 
122,david-mora,cine,"""COMO LA ESPUMA""", Roberto Pérez Toledo 
123,david-mora,cine,"""GERNIKA""", Koldo Serra 
124,david-mora,cine,“LOS AMIGOS RAROS”, Roberto Pérez-Toledo 
125,david-mora,cine,“SEI LÁ”, Joaquin Leitâo 
126,david-mora,cine,“EN APATÍA”, Joel Arellanes Duran 
127,david-mora,cine,“AL FINAL TODOS MUEREN”," Javier Fesser, Javier Botet y Pablo Vara "
128,david-mora,cine,“AFTERPARTY”, Miguel Larraya 
129,david-mora,cine,“SEIS PUNTOS SOBRE EMMA”, Roberto Pérez Toledo
130,david-mora,teatro,"""V.O.S.""", Carol López
131,david-mora,teatro,"""EL CONTADOR DEL AMOR""", César Lucendo 
132,david-mora,teatro,"""JOSE, LUIS""", Virginia Rodríguez 
133,david-mora,teatro,"""",J
134,david-mora,teatro,“,D
135,david-mora,teatro,“,U
136,david-mora,formacion,W,o
137,david-mora,formacion,2º Curso Anual en Estudio Juan Codina. , Coaching con Chules Piñiango y Raquel Pérez.
138,david-mora,cortometrajes,“LA NOCHE” , David Mateo 
139,david-mora,cortometrajes,"""DOS VEINTITRÉS""",  David Mora 
140,david-mora,cortometrajes,"""ENGAGEMENT"" y “CHICOS QUE LLORAN""", Roberto Pérez Toledo 
141,david-mora,cortometrajes,"""CLIFFHANGER"" y “PAJAS”", David Mora 
142,david-mora,cortometrajes,“,H
143,david-mora,cortometrajes,“ALDEBHER”, Víctor Marfil 
144,david-mora,cortometrajes,“NADA MENOS” y “NOT AGAIN”, David Galán Galindo 
145,ángel-velasco,television,UPA NEXT ," Atresplayer, Mediapro"
146,ángel-velasco,television,TODO POR EL JUEGO , Movistar + DirecTV y MediaPro
147,ángel-velasco,television,TOY BOY , Netflix. Iñaki Mercero. Plano a plano
148,ángel-velasco,television,CENTRO MÉDICO , TVE1. Zebra Producciones TVE
149,ángel-velasco,television,IS_LANDIA , Pablo Ros. Producciones Transaltánticas 
150,ángel-velasco,television,ARRAYAN , Antonio Henz. Linze TV
151,ángel-velasco,television,UNA ESPERA DE LOCURA , TAI Producciones
152,ángel-velasco,television,ECONOMIA O LA TUYA , Oscar Plasencia y Charlie Levi Leroy/Hispan TV
153,ángel-velasco,television,LA ACERA DE ENFRENTE , Miguel Mérida y Antonio Palomino/LoaSur
154,ángel-velasco,television,FAUSTO , Nacho Recio/Delnido Producciones
155,ángel-velasco,cine, , 
156,ángel-velasco,cine,Guitarra , Batería - Bajo
157,ángel-velasco,cine,Acrobacia básica , Esgrima - Lucha escénica
158,ángel-velasco,cortometrajes,“LA NOCHE” , David Mateo 
159,ángel-velasco,cortometrajes,"""DOS VEINTITRÉS""",  David Mora 
160,ángel-velasco,cortometrajes,"""ENGAGEMENT"" y “CHICOS QUE LLORAN""", Roberto Pérez Toledo 
161,ángel-velasco,cortometrajes,"""CLIFFHANGER"" y “PAJAS”", David Mora 
162,ángel-velasco,cortometrajes,“,H
163,ángel-velasco,cortometrajes,“ALDEBHER”, Víctor Marfil 
164,ángel-velasco,cortometrajes,“NADA MENOS” y “NOT AGAIN”, David Galán Galindo 
165,agustin-otón,television,C,l
166,agustin-otón,television,T,r
167,agustin-otón,television,Diplomado en Magisterio en la especialidad de Educación Musical. (2005 , 2008). 
168,agustin-otón,television,O,t
169,agustin-otón,television,Voz de tenor (registro Fa₂,Fa₄) 
170,agustin-otón,television,Contratenor (registro Fa₂,Sib₄) 
171,agustin-otón,cine,"""A MIL KILÓMETROS DE LA NAVIDAD""", Dir. Alvaro Fernández Armero
172,agustin-otón,cine,"  ""MIENTRAS DURE LA GUERRA""", Dir. Alejandro Amenábar
173,agustin-otón,cine,"  ""LOS AMORES COBARDES""", Dir. Carmen Blanco (Festival de Málaga)
174,agustin-otón,cine,"  ""EL ÚLTIMO UNICORNIO""", Dir. Carmen Blanco
175,agustin-otón,teatro,"  “LA LIGAZÓN DE DON PERLIMPLÍN""", Dir. Asia León
176,agustin-otón,formacion,Licenciado en Arte Dramático por la ESAD de Murcia. (2008 , 2012) 
177,agustin-otón,formacion,C,u
178,agustin-otón,cortometrajes,"  “CONTINUARÁ""", Dir. Elvira Morales
179,agustin-otón,cortometrajes,"  “LOS PÁJAROS SÍ TIENEN ALAS""", Dir. José Gasset
180,agustin-otón,cortometrajes,"  “MEPHISTOPHELES CASE""", Dir. Alfonso P. Nicolás 
181,agustin-otón,cortometrajes,  “SANDWICH”, Dir. Gabriel Martín
182,agustin-otón,cortometrajes,  “CUATROCIENTAS CALADAS”, Dir. José Luis Estaño Arronis
183,rubén-de-eguía,television,“HERIDAS” , Atresmedia
184,rubén-de-eguía,television,"  ""MENTIRAS”""", Netflix
185,rubén-de-eguía,television,"  ""CUENTAME COMO PASÓ""", Ganga Prod. & TVE
186,rubén-de-eguía,television,"  ""COM SI FOS AHIR""", Televisió de Catalunya 
187,rubén-de-eguía,television,"  ""ACACIAS 38 """, Boomerang & RTVE
188,rubén-de-eguía,television,"  ""LA DAMA DEL CUADRO""", División XL
189,rubén-de-eguía,television,"  ""MERLÍ""", Veranda
190,rubén-de-eguía,television,"  ""EL VIRUS DE LA POR""", Els Films de la Rambla
191,rubén-de-eguía,television,"  ""EXPIRATION DATE""", Jóvenes Realizadores
192,rubén-de-eguía,cine,"""A MIL KILÓMETROS DE LA NAVIDAD""", Dir. Alvaro Fernández Armero
193,rubén-de-eguía,cine,"  ""MIENTRAS DURE LA GUERRA""", Dir. Alejandro Amenábar
194,rubén-de-eguía,cine,"  ""LOS AMORES COBARDES""", Dir. Carmen Blanco (Festival de Málaga)
195,rubén-de-eguía,cine,"  ""EL ÚLTIMO UNICORNIO""", Dir. Carmen Blanco
196,rubén-de-eguía,teatro,*,I
197,rubén-de-eguía,teatro,*,H
198,rubén-de-eguía,cortometrajes,"  “CONTINUARÁ""", Dir. Elvira Morales
199,rubén-de-eguía,cortometrajes,"  “LOS PÁJAROS SÍ TIENEN ALAS""", Dir. José Gasset
200,rubén-de-eguía,cortometrajes,"  “MEPHISTOPHELES CASE""", Dir. Alfonso P. Nicolás 
201,rubén-de-eguía,cortometrajes,  “SANDWICH”, Dir. Gabriel Martín
202,rubén-de-eguía,cortometrajes,  “CUATROCIENTAS CALADAS”, Dir. José Luis Estaño Arronis
203,jesús-caba,television,"""",A
204,jesús-caba,television,“,A
205,jesús-caba,television,“MARAS” , Antena 3
206,jesús-caba,television,“,I
207,jesús-caba,television,“ESCENAS DE MATRIMONIO” ,  Telecinco
208,jesús-caba,television,“,Y
209,jesús-caba,television,“,E
210,jesús-caba,television,“,H
211,jesús-caba,television,“,A
212,jesús-caba,television,“LA SOPA BOBA” , Antena 3
213,jesús-caba,television,“LA CASA DE LOS LÍOS” , Antena 3
214,jesús-caba,cine,"""IBIZA""", Dir. Alex Richanbach
215,jesús-caba,cine,"""QUE DIOS NOS PERDONE""", Dir. Rodrigo Sorogoyen
216,jesús-caba,cine,"""EL ILUSO""", Dir. Rodrigo Sorogoyen
217,jesús-caba,cine,"“PARA ELISA""", Dir. Juanra Fernandez
218,jesús-caba,cine,"“STOCKHOLM""", Dir. Rodrigo Sorogoyen. 
219,jesús-caba,cine,"“OCHO CITAS""", Dir. Peris Romano y Rodrigo Sorogoyen
220,jesús-caba,teatro,“,C
221,jesús-caba,teatro,“,L
222,jesús-caba,teatro,“,E
223,jesús-caba,teatro,“,L
224,jesús-caba,teatro,“,E
225,jesús-caba,formacion,E,s
226,jesús-caba,formacion,C,u
227,jesús-caba,formacion,S,e
228,jesús-caba,cortometrajes,“EL VIAJE AL PARAÍSO,  Dir. Juanan Martínez (Cortometraje).
229,jesús-caba,cortometrajes,“,E
230,jesús-caba,cortometrajes,“,A
231,jesús-caba,cortometrajes,“,C
232,jesús-caba,cortometrajes,“,L
233,jesús-caba,cortometrajes,“,U
234,josé-gabriel-campos,television,"""El Secreto de Puente Viejo"" (Onésimo Mirañar ", 1200 capítulos). Atresmedia y Boomerang TV. 2015-2020
235,josé-gabriel-campos,television,"""El Secreto de Puente Viejo"" (Fidel/ladrón ", Cáp.838-844). Atresmedia y Boomerang TV. 2014
236,josé-gabriel-campos,teatro,• Taller de Estill Voice Craft (voz). Nivel 1 y Nivel 2. Impartido por Hellen Rowson. UARM y ESMUVA 2014,18
237,josé-gabriel-campos,teatro,•, 
238,josé-gabriel-campos,teatro,•, 
239,josé-gabriel-campos,teatro,•, 
240,josé-gabriel-campos,teatro,•, 
241,josé-gabriel-campos,teatro,•, 
242,josé-gabriel-campos,teatro, , 
243,josé-gabriel-campos,teatro,"  * Profesor de Técnica Gestual → Scuola Internazionale dell'Attore Comico, Antonio Fava, Reggio Emilia (Italia), 2010",14.
244,josé-gabriel-campos,teatro,*, 
245,josé-gabriel-campos,teatro, , 
246,josé-gabriel-campos,teatro, , 
247,josé-gabriel-campos,teatro,•, 
248,josé-gabriel-campos,teatro,•, 
249,josé-gabriel-campos,teatro,•, 
250,josé-gabriel-campos,teatro,•, 
251,josé-gabriel-campos,teatro, , 
252,josé-gabriel-campos,teatro,  ," Inglés (alto, C2)"
253,josé-gabriel-campos,teatro,," Italiano (medio-alto, B2-C1)"
254,josé-gabriel-campos,teatro,," Alemán (medio, B2)"
255,josé-gabriel-campos,teatro, , 
256,josé-gabriel-campos,formacion,•, 
257,josé-gabriel-campos,formacion,•, 
258,josé-gabriel-campos,formacion,•, 
259,josé-gabriel-campos,formacion, , 
260,josé-gabriel-campos,formacion,•, 
261,josé-gabriel-campos,formacion,•, 
262,josé-gabriel-campos,cortometrajes,“EL VIAJE AL PARAÍSO,  Dir. Juanan Martínez (Cortometraje).
263,josé-gabriel-campos,cortometrajes,“,E
264,josé-gabriel-campos,cortometrajes,“,A
265,josé-gabriel-campos,cortometrajes,“,C
266,josé-gabriel-campos,cortometrajes,“,L
267,josé-gabriel-campos,cortometrajes,“,U
268,iván-cózar,television,“NACHO XXXL” , Starzplay
269,iván-cózar,television,“HERIDAS” , Atresmedia.
270,iván-cózar,television,"""SEÑORAS DEL (H)AMPA""", Mandarina
271,iván-cózar,television,"""MATADERO""", Atresmedia series
272,iván-cózar,television,"""CENTRO MÉDICO""", TVE1
273,iván-cózar,television,"""SPOILER""", Movistar +
274,iván-cózar,television,"""EL MINISTERIO DEL TIEMPO""", TVE1
275,iván-cózar,cine,“MARI(DOS)” , Dir. Lucia Alemany
276,iván-cózar,cine,"""NIEVA EN BENIDORM""", Dir. Isabel Coixet
277,iván-cózar,cine,"""TOC, TOC""", Dir. Vicente Villanueva  
278,iván-cózar,cine,"“UN HIJO DE PUTA MUY PELIGROSO""",  Dir. Jose Luis Estañ Arronis
279,iván-cózar,cine,"“ENTRE PINCELADAS""", Dir. Javier de Juan
280,iván-cózar,cine,"“PÁGINAS DEL TERCER REICH""", Dir. Antonio Chinchilla
281,iván-cózar,cine,"“APARCADOS""", Dir. Meka Ribera 
282,iván-cózar,cine,"“CUATRO PAREDES""", Dir. Meka Riber
283,iván-cózar,cine,"“LA CIUDAD INERTE""", Dir. Javier Villamor
284,iván-cózar,teatro,"“LAS BICICLETAS SON PARA EL VERANO""", Dir. J.Carlos de Ibarras
285,iván-cózar,teatro,“LA FLOR DE LOS PÉTALOS MARCHITOS, Dir. Paco Maciá LaCatterva y Cia Ferroviaria
286,iván-cózar,teatro,"“VIAJE A ÍTACA""", Dir. Gloria Sirvent Cia Inextremis
287,iván-cózar,formacion,F,O
288,iván-cózar,formacion,2013, Licanciado en Arte Dramático ESAD de Murcia. Interpretación textual.
289,iván-cózar,formacion,F,O
290,iván-cózar,formacion,2014, Interpretación ante la camara Cristina Alcaraz
291,iván-cózar,formacion,2012, Interpretación ante la cámara Eva Torres. ESADMurcia
292,iván-cózar,formacion,F,O
293,iván-cózar,formacion,2,0
294,iván-cózar,formacion,2,0
295,iván-cózar,formacion,2,0
296,iván-cózar,formacion,2,0
297,iván-cózar,formacion,2,0
298,iván-cózar,formacion,*,H
299,iván-cózar,formacion,*,I
300,iván-cózar,cortometrajes,“EL VIAJE AL PARAÍSO,  Dir. Juanan Martínez (Cortometraje).
301,iván-cózar,cortometrajes,“,E
302,iván-cózar,cortometrajes,“,A
303,iván-cózar,cortometrajes,“,C
304,iván-cózar,cortometrajes,“,L
305,iván-cózar,cortometrajes,“,U
306,ramon-san-román,television,"""LA REINA DE INDIAS""", Caracol TV/Netflix
307,ramon-san-román,television,"""CENTRO MÉDICO""", Tve
308,ramon-san-román,television,"""ACACIAS 38""", Tve
309,ramon-san-román,television,"""MAR DE PLÁSTICO""", Antena 3
310,ramon-san-román,television,"""ALFOMBRA ROJA PALACE""", Tve
311,ramon-san-román,television,"""AMAR ES PARA SEIMPRE""",  Antena 3
312,ramon-san-román,television,"""AÍDA""", Telecinco
313,ramon-san-román,television,"""LA NOCHE EN PAZ""", Telecinco
314,ramon-san-román,television,"""TODO ES POSIBLE EN EL BAJO""", Telemadrid
315,ramon-san-román,television,"""LA GIRA 2""", Disney Channel
316,ramon-san-román,television,"""EL TIEMPO ENTRE COSTURAS""", Antena3
317,ramon-san-román,television,"""HOMICIDIOS""", Telecinco
318,ramon-san-román,television,"""VIDAS DE CUERVO: ¡PILLADOS!""", Disney Channel
319,ramon-san-román,television,"""LA GIRA""", Disney Channel
320,ramon-san-román,television,"""HOSPITAL CENTRAL""", Telecinco
321,ramon-san-román,television,"""BICHO MALO NUNCA MUERE""", Neox
322,ramon-san-román,television,"""SEXO EN CHUECA""", La Siete
323,ramon-san-román,television,"""BECARIOS""", La Siete
324,ramon-san-román,television,"""CUESTIÓN DE SEXO""", Cuatro
325,ramon-san-román,television,"""SIN TETAS NO HAY PARAISO""", Telecinco
326,ramon-san-román,cine,"""ENCERRADOS (Proyecto Crown)""", Dir. Isidro Morales
327,ramon-san-román,cine,"""NO QUIERO SER RECUERDO""", Dir. Óscar Parra 
328,ramon-san-román,cine,"""ESLABONES PERDIDOS""", Dir. Mariano Barroso
329,ramon-san-román,cine, , 
330,ramon-san-román,cine,"""ADOSADOS""", Dir. Borja Álvarez
331,ramon-san-román,cine,"""MADRID GANGSTER""", Dir. Dains.
332,ramon-san-román,cine,"""CMP MI GRAN NOCHE""", Dir. Dains.
333,ramon-san-román,cine,"""CMP NOCHE DE AGOSTO""", Dir. David Hebrero
334,ramon-san-román,cine,"""SSSH!""", Dir. Laura M. Campos
335,ramon-san-román,cine,"""DECÍDETE""", Dir. José Yebes
336,ramon-san-román,teatro,"""DONDE MUEREN LAS PALABRAS""", Dir. Ángel Caballero
337,ramon-san-román,teatro,"  ""VOS""", Dir Paola Matienzo
338,ramon-san-román,teatro,"  ""FRANCISCUS""", Dir Jose luis Moreno
339,ramon-san-román,teatro,"  ""TÉ DESEO""", Dir Jorge Gálvez Recuero 
340,ramon-san-román,teatro,"  ""AMORES MINÚSCULOS""", Produc. Los Zurdos
341,ramon-san-román,teatro,"  ""NO NOS MOVERÁN""", Dir. Ruddy Méndez
342,ramon-san-román,teatro,"  ""COMPRANDO UNA VIDA""", Cia. Acciones Imaginarias
343,ramon-san-román,teatro,"  ""EL PEQUEÑO GRANO DE ARENA""", Dir. Val Barreto 
344,ramon-san-román,teatro,"  ""EL ALMA EN UN HILO""", Dir. Luca NIcolaj
345,ramon-san-román,teatro,"  ""EL SUEÑO DE UNA NOCHE DE VERANO""", Cia. Blas de Otero
346,ramon-san-román,teatro,"  ""FAUSTO""", Dir. Mario Bolaños
347,ramon-san-román,formacion, , 
348,ramon-san-román,formacion, , 
349,ramon-san-román,formacion, , 
350,ramon-san-román,formacion, , 
351,ramon-san-román,formacion, , 
352,ramon-san-román,formacion,  Verso Juan Manuel Navas Sit,"com,Alberto Magallares"
353,ramon-san-román,formacion, , 
354,ramon-san-román,formacion, , 
355,ramon-san-román,formacion, , 
356,ramon-san-román,cortometrajes,“EL VIAJE AL PARAÍSO,  Dir. Juanan Martínez (Cortometraje).
357,ramon-san-román,cortometrajes,“,E
358,ramon-san-román,cortometrajes,“,A
359,ramon-san-román,cortometrajes,“,C
360,ramon-san-román,cortometrajes,“,L
361,ramon-san-román,cortometrajes,“,U
362,miguel-ángel-puro,television,"""",A
363,miguel-ángel-puro,television,“,A
364,miguel-ángel-puro,television,“,S
365,miguel-ángel-puro,television,“,C
366,miguel-ángel-puro,television,“,B
367,miguel-ángel-puro,television,“,C
368,miguel-ángel-puro,cine,"""",A
369,miguel-ángel-puro,cine,“,S
370,miguel-ángel-puro,cine,“,S
371,miguel-ángel-puro,cine,“,E
372,miguel-ángel-puro,cine, , 
373,miguel-ángel-puro,cine,2,0
374,miguel-ángel-puro,cine,2,0
375,miguel-ángel-puro,cine, , 
376,miguel-ángel-puro,cine,2,0
377,miguel-ángel-puro,cine,2,0
378,miguel-ángel-puro,cine,2,0
379,miguel-ángel-puro,cine,2,0
380,miguel-ángel-puro,cine,2,0
381,miguel-ángel-puro,cine,2,0
382,miguel-ángel-puro,cine,2,0
383,miguel-ángel-puro,cine,2,0
384,miguel-ángel-puro,teatro,2,0
385,miguel-ángel-puro,teatro,2,0
386,miguel-ángel-puro,teatro,2,0
387,miguel-ángel-puro,teatro,2,0
388,miguel-ángel-puro,teatro,2,0
389,miguel-ángel-puro,formacion,L,i
390,miguel-ángel-puro,formacion,I,d
391,miguel-ángel-puro,formacion,I,n
392,miguel-ángel-puro,cortometrajes,“EL VIAJE AL PARAÍSO,  Dir. Juanan Martínez (Cortometraje).
393,miguel-ángel-puro,cortometrajes,“,E
394,miguel-ángel-puro,cortometrajes,“,A
395,miguel-ángel-puro,cortometrajes,“,C
396,miguel-ángel-puro,cortometrajes,“,L
397,miguel-ángel-puro,cortometrajes,“,U
398,gonzalo-trujillo,television,ENTRE TIERRAS , Boomerang. Atresplayer
399,gonzalo-trujillo,television,HONOR , Portocabo AtresPlayer
400,gonzalo-trujillo,television,ACACIAS 38 , Mauro San Emeterio - Tve1.
401,gonzalo-trujillo,television,LA PESTE , Atipica films - Movistar+
402,gonzalo-trujillo,television,BRIGADA COSTA DEL SOL , Arturo - Netflix.
403,gonzalo-trujillo,television,MAR DE PLÁSTICO , Boomerang.
404,gonzalo-trujillo,television,EL SECRETO DE PUENTE VIEJO , Boomerang - Antena 3.
405,gonzalo-trujillo,cine,SI TODAS LAS PUERTAS SE CIERRAN ," ""Antonio Rubio"" principal - Dir. Antonio Cuadri. 2023"
406,gonzalo-trujillo,cine,IGNACIO DE LOYOLA , (en inglés) - Inquisidor Frías - Dir. Paolo Dy y Cathy Azanza
407,gonzalo-trujillo,cine,LA ISLA MÍNIMA, reparto - Dir. Alberto Rodríguez. 
408,gonzalo-trujillo,cine,RUBIO O MORENO , Jorge - Cortometraje Dir. David Huergo
409,gonzalo-trujillo,cine,ATM , Jota - Cortometraje Dir. David Huergo
410,gonzalo-trujillo,cine,LIMONADA , Cortometraje
411,gonzalo-trujillo,cine,UMBRAL , Dir. Jelena Dragas - Cortometraje premiado en el Festival Seminci 2019
412,gonzalo-trujillo,cine,EL MÉTODO PIGS , Dir. Boris Kosovo - Cortometraje premiado en el Festival Seminci 2019
413,gonzalo-trujillo,formacion,, Interpretación y dirección escénica con director Pedro Álvarez Osorio en escuela La Fundición.
414,gonzalo-trujillo,formacion,," Interpretación en Estudio-3, Madrid."
415,gonzalo-trujillo,formacion,," Cursos varios de interpretación, canto y movimiento en diferentes centros con Vicente Fuentes, Jose María Sepúlveda, José Masegosa, Esperanza Abad, Concha Doñaque, Carmelo Gómez, Álvaro Haro, Gabriel Olivares, Carlota Ferrer o Claudio Tolcachir."
416,gonzalo-trujillo,formacion, , 
417,gonzalo-trujillo,formacion,C,a
418,gonzalo-trujillo,formacion,I,d
419,gonzalo-trujillo,cortometrajes,“EL VIAJE AL PARAÍSO,  Dir. Juanan Martínez (Cortometraje).
420,gonzalo-trujillo,cortometrajes,“,E
421,gonzalo-trujillo,cortometrajes,“,A
422,gonzalo-trujillo,cortometrajes,“,C
423,gonzalo-trujillo,cortometrajes,“,L
424,gonzalo-trujillo,cortometrajes,“,U
425,javier-mula,television,T,Ú
426,javier-mula,television, , 
427,javier-mula,television, , 
428,javier-mula,television, , 
429,javier-mula,television, , 
430,javier-mula,television, , 
431,javier-mula,television, , 
432,javier-mula,television, , 
433,javier-mula,television, , 
434,javier-mula,television, , 
435,javier-mula,television, , 
436,javier-mula,television, , 
437,javier-mula,television,  VIS A VIS. Fox  (Temporada 3 , Ep.3 - Periodista). 2018
438,javier-mula,television, , 
439,javier-mula,television, , 
440,javier-mula,television, , 
441,javier-mula,teatro,"  EN ALTA MAR, de Tea",Tres.
442,javier-mula,teatro, , 
443,javier-mula,formacion,  , Taller intensivo con Cristina Alcázar.
444,javier-mula,formacion, , 
445,javier-mula,cortometrajes,“EL VIAJE AL PARAÍSO,  Dir. Juanan Martínez (Cortometraje).
446,javier-mula,cortometrajes,“,E
447,javier-mula,cortometrajes,“,A
448,javier-mula,cortometrajes,“,C
449,javier-mula,cortometrajes,“,L
450,javier-mula,cortometrajes,“,U
451,dani-paz,television,A,N
452,dani-paz,television,L,A
453,dani-paz,television,M,A
454,dani-paz,television,"""BI","DAS"" serie web"
455,dani-paz,cine,C,o
456,dani-paz,cine,C,o
457,dani-paz,cine,C,o
458,dani-paz,cine,C,o
459,dani-paz,cine,C,o
460,dani-paz,cine,C,o
461,dani-paz,teatro,"""",F
462,dani-paz,teatro,"""",L
463,dani-paz,teatro,"""",S
464,dani-paz,teatro,M,i
465,dani-paz,teatro,M,i
466,dani-paz,teatro,"""",Á
467,dani-paz,teatro,"""",L
468,dani-paz,teatro,"""",M
469,dani-paz,teatro,"""",D
470,dani-paz,teatro,“,P
471,dani-paz,teatro,D,o
472,dani-paz,teatro,B,a
473,dani-paz,teatro,7, 
474,dani-paz,teatro,T,r
475,dani-paz,teatro,2017 ," ""Rosario"""
476,dani-paz,teatro,2017 ," ""Me quedo muerta"""
477,dani-paz,teatro,2018 ," ""Dos Hombres dos"" "
478,dani-paz,formacion,B,i
479,dani-paz,formacion,R,e
480,dani-paz,cortometrajes,“EL VIAJE AL PARAÍSO,  Dir. Juanan Martínez (Cortometraje).
481,dani-paz,cortometrajes,“,E
482,dani-paz,cortometrajes,“,A
483,dani-paz,cortometrajes,“,C
484,dani-paz,cortometrajes,“,L
485,dani-paz,cortometrajes,“,U
486,dani-gallardo,television,“,P
487,dani-gallardo,television,"""",O
488,dani-gallardo,television,"""Documental sobre el 11","M"", “Mundo Ficción”, Miguel Courtois."
489,dani-gallardo,teatro,L,a
490,dani-gallardo,teatro,L,a
491,dani-gallardo,teatro,E,n
492,dani-gallardo,teatro, , 
493,dani-gallardo,teatro,A,c
494,dani-gallardo,teatro,A,c
495,dani-gallardo,formacion,L,i
496,dani-gallardo,formacion,"Entrenamiento actoral en la Abadía, 2018",2020.
497,dani-gallardo,formacion,C,u
498,dani-gallardo,cortometrajes,“EL VIAJE AL PARAÍSO,  Dir. Juanan Martínez (Cortometraje).
499,dani-gallardo,cortometrajes,“,E
500,dani-gallardo,cortometrajes,“,A
501,dani-gallardo,cortometrajes,“,C
502,dani-gallardo,cortometrajes,“,L
503,dani-gallardo,cortometrajes,“,U
504,carlos-de-austria,television,“MACHOS ALFA” , Netflix
505,carlos-de-austria,television,"""CUENTAME COMO PASO"" ", TVE1
506,carlos-de-austria,television,"""SERVIR Y PROTEGER"" ", TVE1
507,carlos-de-austria,television,"""ALBA"" ", Atresplayer
508,carlos-de-austria,television,"""ACACIAS 38"" ", Tve1
509,carlos-de-austria,television,"""ESTOY VIVO"" ", Tve1
510,carlos-de-austria,television,"""LA VALLA"" ", Antena3
511,carlos-de-austria,television,"""LA PESTE"" ", Movistar
512,carlos-de-austria,television,"""LAS CHICAS DEL CABLE"" ", Netflix
513,carlos-de-austria,television,"""EL SECRETO DE PUENTE VIEJO"" ", Antena3
514,carlos-de-austria,television,"""MEME"" ", Webserie
515,carlos-de-austria,television,"""AMORES QUE DUELEN"" ", Telecinco
516,carlos-de-austria,cine,"""EN EQUIPPO"" ", Dir. Manuel Ollero
517,carlos-de-austria,cine,"""CONCILIACION"" ", Dir. Ana Vázquez
518,carlos-de-austria,cine,"""7 SEGUNDOS"" ", Dir. Juanma Davifue
519,carlos-de-austria,cine,"""MADE IN CHINA"" ", Dir. Juanma Davifue
520,carlos-de-austria,cine,"""ZOMBI"" ", Dir. Francisco Sánchez  (Finalista Notodofilm Festival)
521,carlos-de-austria,cine,"""CORDURA"" ", Dir. Miguel Asturias 
522,carlos-de-austria,formacion, ,R
523,carlos-de-austria,formacion, ,B
524,carlos-de-austria,formacion, ,V
525,carlos-de-austria,formacion, ,C
526,carlos-de-austria,formacion, ,C
527,carlos-de-austria,formacion, ,M
528,carlos-de-austria,formacion, ,P
529,carlos-de-austria,formacion, , 
530,carlos-de-austria,formacion,," Instrumentos: guitarra, ukelele, bandurria, laúd y bajo"
531,carlos-de-austria,cortometrajes,“EL VIAJE AL PARAÍSO,  Dir. Juanan Martínez (Cortometraje).
532,carlos-de-austria,cortometrajes,“,E
533,carlos-de-austria,cortometrajes,“,A
534,carlos-de-austria,cortometrajes,“,C
535,carlos-de-austria,cortometrajes,“,L
536,carlos-de-austria,cortometrajes,“,U
537,pablo-vázquez,television,  “AMAR EN TIEMPOS REVUELTOS” , TVE1.
538,pablo-vázquez,television,  “BUENAGENTE”  , La Sexta.
539,pablo-vázquez,television,  “AIDA” , Telecinco.
540,pablo-vázquez,television,  “LOS SERRANO” , Telecinco.
541,pablo-vázquez,television,  “EL COMISARIO” , Telecinco.
542,pablo-vázquez,television,  “UN PASO ADELANTE” , Antena 3.
543,pablo-vázquez,cine,"""",A
544,pablo-vázquez,cine,"""",L
545,pablo-vázquez,cine,“,M
546,pablo-vázquez,cine,"""La Guarida"" Dir. Iago de Soto. Personaje Matías. Seleccionada en el festival de Sitges y Screamfest",Hollywood.
547,pablo-vázquez,cine,“,R
548,pablo-vázquez,cine,“,X
549,pablo-vázquez,teatro,"La Guarida"" Dir. Iago de Soto. Personaje Matías. Seleccionada en el festival de Sitges y Screamfest",Hollywood.
550,pablo-vázquez,formacion,H,a
551,pablo-vázquez,formacion,I,d
552,pablo-vázquez,formacion,P,r
553,pablo-vázquez,cortometrajes, , 
554,pablo-vázquez,cortometrajes, , 
555,pablo-vázquez,cortometrajes, , 
556,pablo-vázquez,cortometrajes, , 
557,alejandro-sigüenza,television,“Amar es para Siempre” , (Rubén Argento). Diagonal Tv. Antena 3. 
558,alejandro-sigüenza,television,“Los Pacientes del Dr.García” , Diagonal Tv.
559,alejandro-sigüenza,television,"""Acacias 38"" ", (Fidel). Boomerang. Tve1.
560,alejandro-sigüenza,television,"""Besos al aire"" ", Dir. Iñaki Mercero. Alea Media. Star Disney+. 
561,alejandro-sigüenza,television,"""La Otra Mirada"" ", (1ª temporada - David). Tve1
562,alejandro-sigüenza,television,"""El Secreto de Puente Viejo"" ", (Varias temporadas - Nicolás). 
563,alejandro-sigüenza,television,"""",G
564,alejandro-sigüenza,television,"""",R
565,alejandro-sigüenza,television,"""",A
566,alejandro-sigüenza,television,"""",A
567,alejandro-sigüenza,television,"""",A
568,alejandro-sigüenza,television,"""",E
569,alejandro-sigüenza,television,"""",H
570,alejandro-sigüenza,television,"""",D
571,alejandro-sigüenza,television,"""",C
572,alejandro-sigüenza,television,"""",A
573,alejandro-sigüenza,cine,"""",E
574,alejandro-sigüenza,teatro,"""",S
575,alejandro-sigüenza,teatro,"""",F
576,alejandro-sigüenza,teatro,"""",L
577,alejandro-sigüenza,teatro,"""",L
578,alejandro-sigüenza,teatro,"""",A
579,alejandro-sigüenza,teatro,"""",S
580,alejandro-sigüenza,teatro,"""",M
581,alejandro-sigüenza,teatro,"""",T
582,alejandro-sigüenza,teatro,"""Bang","Bang"" de M. Gervasonni. Dir. M. Gervasonni. "
583,alejandro-sigüenza,teatro,"""",L
584,alejandro-sigüenza,teatro,"""",F
585,alejandro-sigüenza,teatro,"""",4
586,alejandro-sigüenza,teatro,"""",A
587,alejandro-sigüenza,formacion,, Licenciado en Arte Dramático
588,alejandro-sigüenza,formacion,, N.I.C. (núcleo de investigación cinematográfica)
589,alejandro-sigüenza,formacion,, Técnica Chevoj con Carlos Aladro
590,alejandro-sigüenza,formacion,,  Palabra y Verso con Vicente Fuentes
591,alejandro-sigüenza,formacion,, Danza Histórica y Popular con Javier García
592,alejandro-sigüenza,formacion,, Percusión Antigua y Popular con Rodrigo Muñoz
593,alejandro-sigüenza,formacion,, El Movimiento y la Voz por Norman Taylor
594,alejandro-sigüenza,formacion,, Creación Teatral a partir de la improvisación por Santiago Sánchez
595,alejandro-sigüenza,formacion,, Mi Vida en el Clown por Antón
596,alejandro-sigüenza,cortometrajes, , 
597,alejandro-sigüenza,cortometrajes, , 
598,alejandro-sigüenza,cortometrajes, , 
599,alejandro-sigüenza,cortometrajes, , 
600,juanma-cifuentes,television,“Supernormal 2” , (personaje Andrés) - Secuoya estudios - Movistar+
601,juanma-cifuentes,television,"""",A
602,juanma-cifuentes,television,"""",H
603,juanma-cifuentes,television,"""",4
604,juanma-cifuentes,television,"""",L
605,juanma-cifuentes,television,"""Cuéntame Cómo pasó"" ", Tve.
606,juanma-cifuentes,television,"""Gym Tony""", Miguelón - Cuatro.
607,juanma-cifuentes,television,"""La que se avecina"" ", Rogelio - Tele5.
608,juanma-cifuentes,television,"""Stamos okupa2"" ", Alonso - Tve.
609,juanma-cifuentes,television,"""Amar en tiempos revueltos"" ", Miguel - Tve.
610,juanma-cifuentes,television,"""Las chicas de Oros"" ", Javi - Tve.
611,juanma-cifuentes,television,"""Supercharly"" ", Abraham - Tele5.
612,juanma-cifuentes,television,"""El síndrome de Ulises"" ", Juanjo - Antena 3.
613,juanma-cifuentes,television,"""Que follón de Familia"" ", Canal Nou. Andalucia. Castilla la Mancha. Murcia.
614,juanma-cifuentes,television,"""Yo también te Quiero"" ", Television Castilla la Mancha. 
615,juanma-cifuentes,television,"""",A
616,juanma-cifuentes,television,"""",A
617,juanma-cifuentes,television,"""",L
618,juanma-cifuentes,television,"""Protagonistas de la fama VIP"" ", Profesor de comedia - Telemundo EE.UU.
619,juanma-cifuentes,television,"""",A
620,juanma-cifuentes,cine,"""El club de los buenos infieles""", Juan - Lluis Segura
621,juanma-cifuentes,cine,"""Operasiones Espesiales"" ", Padre Antón - Paco Soto
622,juanma-cifuentes,cine,"""Aunque todo vaya mal"" ", Juan - Cristina Alcázar
623,juanma-cifuentes,cine,"""Don Enrique de Guzmán""", Arantxa Echevarría
624,juanma-cifuentes,cine,"""55m2"" ", Pablo Martín
625,juanma-cifuentes,cine,"""7 minutos"" ", Daniela Fejerman
626,juanma-cifuentes,cine,"""El Club de los Suicidas"" ", Javi - de Roberto Santiago.
627,juanma-cifuentes,cine,"""Menos es mas"" ", Profesor de Interpretación- Pascal Jongen.
628,juanma-cifuentes,cine,"""",Q
629,juanma-cifuentes,cine,"""",L
630,juanma-cifuentes,cine,"""",D
631,juanma-cifuentes,cine,"""",P
632,juanma-cifuentes,cine,"""",I
633,juanma-cifuentes,cine,"""",V
634,juanma-cifuentes,teatro,"""",L
635,juanma-cifuentes,teatro,"""",D
636,juanma-cifuentes,teatro,"""",S
637,juanma-cifuentes,teatro,"""",L
638,juanma-cifuentes,formacion,L,i
639,juanma-cifuentes,formacion,D,o
640,juanma-cifuentes,formacion,L,i
641,juanma-cifuentes,formacion,H,a
642,juanma-cifuentes,formacion,C,a
643,juanma-cifuentes,formacion,I,d
644,juanma-cifuentes,formacion,C,a
645,juanma-cifuentes,formacion,D,o
646,juanma-cifuentes,cortometrajes, , 
647,juanma-cifuentes,cortometrajes, , 
648,juanma-cifuentes,cortometrajes, , 
649,juanma-cifuentes,cortometrajes, , 
650,manu-hernández,television,S,e
651,manu-hernández,television,M,a
652,manu-hernández,television,D,e
653,manu-hernández,television,A,n
654,manu-hernández,television,S,u
655,manu-hernández,television,A,m
656,manu-hernández,television,V,e
657,manu-hernández,television,M,a
658,manu-hernández,television,H,o
659,manu-hernández,television,L,a
660,manu-hernández,television,E,l
661,manu-hernández,television,A,l
662,manu-hernández,television,E,l
663,manu-hernández,television,A,r
664,manu-hernández,television,B,a
665,manu-hernández,television,C,o
666,manu-hernández,television,V,i
667,manu-hernández,television,C,h
668,manu-hernández,television,Á,g
669,manu-hernández,television,A,i
670,manu-hernández,television,L,o
671,manu-hernández,television,A,m
672,manu-hernández,television,L,a
673,manu-hernández,television,A, 
674,manu-hernández,television,C,u
675,manu-hernández,television,V,i
676,manu-hernández,television,P,e
677,manu-hernández,television,C,a
678,manu-hernández,cine,ERES TÚ , Dir. Alauda Ruiz de Azua - Netflix
679,manu-hernández,cine,E,x
680,manu-hernández,cine,S,i
681,manu-hernández,cine,L,a
682,manu-hernández,cine,L,a
683,manu-hernández,teatro,E,l
684,manu-hernández,teatro,P,r
685,manu-hernández,teatro,S,e
686,manu-hernández,teatro,R,e
687,manu-hernández,teatro,L,a
688,manu-hernández,teatro,L,a
689,manu-hernández,teatro,T,o
690,manu-hernández,formacion,L,i
691,manu-hernández,formacion,C,u
692,manu-hernández,formacion, , 
693,manu-hernández,formacion,I,d
694,manu-hernández,formacion,V,o
695,manu-hernández,formacion,C,a
696,manu-hernández,formacion, , 
697,manu-hernández,cortometrajes, , 
698,manu-hernández,cortometrajes, , 
699,manu-hernández,cortometrajes, , 
700,manu-hernández,cortometrajes, , 
701,carlos-seguí,television, , 
702,carlos-seguí,television,A,m
703,carlos-seguí,television,S,e
704,carlos-seguí,television,E,l
705,carlos-seguí,television,S,a
706,carlos-seguí,television,L,a
707,carlos-seguí,television,C,e
708,carlos-seguí,television,C,u
709,carlos-seguí,television,L,o
710,carlos-seguí,television,A,m
711,carlos-seguí,television,E,l
712,carlos-seguí,cine,ERES TÚ , Dir. Alauda Ruiz de Azua - Netflix
713,carlos-seguí,cine,E,x
714,carlos-seguí,cine,S,i
715,carlos-seguí,cine,L,a
716,carlos-seguí,cine,L,a
717,carlos-seguí,teatro,U,s
718,carlos-seguí,teatro,D,o
719,carlos-seguí,teatro,E,l
720,carlos-seguí,teatro,E,l
721,carlos-seguí,teatro,L,a
722,carlos-seguí,teatro,M,a
723,carlos-seguí,teatro,M,a
724,carlos-seguí,teatro,C,o
725,carlos-seguí,teatro,S,a
726,carlos-seguí,teatro,7, 
727,carlos-seguí,teatro,N,o
728,carlos-seguí,formacion,L,i
729,carlos-seguí,formacion,H,e
730,carlos-seguí,formacion,I,n
731,carlos-seguí,formacion,C,u
732,carlos-seguí,formacion, , 
733,carlos-seguí,formacion,I,d
734,carlos-seguí,formacion,D,a
735,carlos-seguí,formacion,C,a
736,carlos-seguí,cortometrajes, , 
737,carlos-seguí,cortometrajes,M,a
738,carlos-seguí,cortometrajes,F,I
739,gerardo-quintana,television,A,m
740,gerardo-quintana,television,T,o
741,gerardo-quintana,television,C,a
742,gerardo-quintana,television,A,c
743,gerardo-quintana,television,L,a
744,gerardo-quintana,television,L,o
745,gerardo-quintana,television,E,l
746,gerardo-quintana,television,S,i
747,gerardo-quintana,television,L,a
748,gerardo-quintana,television,A,m
749,gerardo-quintana,television,H,o
750,gerardo-quintana,television,L,o
751,gerardo-quintana,cine,I,r
752,gerardo-quintana,cine,F,a
753,gerardo-quintana,cine,L,a
754,gerardo-quintana,teatro,E,n
755,gerardo-quintana,teatro,E,x
756,gerardo-quintana,teatro,E,l
757,gerardo-quintana,teatro,E,l
758,gerardo-quintana,teatro,J,e
759,gerardo-quintana,teatro,V,i
760,gerardo-quintana,teatro,L,a
761,gerardo-quintana,teatro,C,á
762,gerardo-quintana,teatro,L,a
763,gerardo-quintana,teatro,O,T
764,gerardo-quintana,teatro,C,a
765,gerardo-quintana,teatro,C,i
766,gerardo-quintana,teatro,T,í
767,gerardo-quintana,teatro,I,d
768,gerardo-quintana,formacion,L,i
769,gerardo-quintana,formacion,H,e
770,gerardo-quintana,formacion,I,n
771,gerardo-quintana,formacion,C,u
772,gerardo-quintana,formacion, , 
773,gerardo-quintana,formacion,I,d
774,gerardo-quintana,formacion,D,a
775,gerardo-quintana,formacion,C,a
776,gerardo-quintana,cortometrajes,D,e
777,gerardo-quintana,cortometrajes,C,a
778,gerardo-quintana,cortometrajes,S,e
779,fernando-moraleda,television,"""",M
780,fernando-moraleda,television,"""DESPARECIDOS"" Plano a Plano ", Amazon Prime Videos 2022
781,fernando-moraleda,television,“BENIDORM” , (Doctor Euskadi) -  Atresmedia.
782,fernando-moraleda,television,"""MADRES"" ", 2ª temporada. Alea Media.
783,fernando-moraleda,television,"""SECRETOS DE ESTADO"" ", T5.
784,fernando-moraleda,television,"""",H
785,fernando-moraleda,television,"""SERVIR Y PROTEGER"" ", 3ª temporada. Tve. 
786,fernando-moraleda,television,"""SECRETOS DE ESTADO"" ", Mediaset. T5.
787,fernando-moraleda,television,"""EL SECRETO DE PUENTE VIEJO"" ", Boomerang. Antena 3.
788,fernando-moraleda,television,"""CUERPO DE ELITE"" ", 1ª temporada. Antena 3. 
789,fernando-moraleda,television,"""CENTRO MÉDICO"" ", 8ª temporada. Zebra Producciones. Tve.
790,fernando-moraleda,television,"""AMAR ES PARA SIEMPRE"" ", 5ª temporada. Diagonal Tv. Antena 3.  
791,fernando-moraleda,television,"""CENTRO MÉDICO"" ", Zebra Producciones. Tve.
792,fernando-moraleda,television,"""LA QUE SE AVECINA"" ", T5.  
793,fernando-moraleda,television,"""EL SECRETO DE PUENTE VIEJO"" ", Antena 3. Boomerang Tv.  
794,fernando-moraleda,television,"""CUENTAME CÓMO PASÓ"" ", Tve1. Grupo Ganga Producciones 
795,fernando-moraleda,television,"""YO SOY BEA"" ", Grundy Producciones.
796,fernando-moraleda,television,"""QUEEN OF SWORDS"" ", Fireworks. Dir. Terry Ingram.
797,fernando-moraleda,television,"""HOSPITAL CENTRAL"" ", Videomedia. 
798,fernando-moraleda,television,"""POLICIAS"" ", Globomedia. 
799,fernando-moraleda,television,"""UN LUGAR EN EL MUNDO"" ", Ida y Vuelta Prod. 
800,fernando-moraleda,cine,"""CRIMEN PERFECTO"" ", de Alex de la Iglesia. Pánico Films.
801,fernando-moraleda,cine,"""GRIMM"" ", de Alex van Warmerdam. Graniet Film. Holanda.
802,fernando-moraleda,cine,"""LA VIDA MANCHA"" ", de Enrique Urbizu. Iberrotafilms-Tornasol.
803,fernando-moraleda,cine,"""BESOS DE GATO"" ", de Rafael Alcazar. Blue Legend.
804,fernando-moraleda,cine,"""COSAS DE BRUJAS"" ", de José Miguel Juárez. BuenaVista-Alma-Ata.
805,fernando-moraleda,cine,"""CANICULA"" ", de Álvaro García Capelo. Morena films.
806,fernando-moraleda,teatro,, Arte Dramático en el Estudio de Actores Gina Piccirilli.
807,fernando-moraleda,teatro,, El ojo que respira” Curso de interpretación cinematográfica dir. por Paco Pino.
808,fernando-moraleda,teatro,, El Actor ante la Cámara. Estudio LANDÉN dirigido por Pape Pérez
809,fernando-moraleda,cortometrajes,D,e
810,fernando-moraleda,cortometrajes,C,a
811,fernando-moraleda,cortometrajes,S,e
812,víctor-huerta,television,L,U
813,víctor-huerta,television,SERVIR Y PROTEGER , 2ª temporada. TVE1.
814,víctor-huerta,television,MATADERO , 1ª temporada. Diagonal TV / Antena 3. 
815,víctor-huerta,television,CENTRO MÉDICO , Tve1. Zebra Producciones. 
816,víctor-huerta,television,ACACIAS 38 , Tve1. Boomerang.
817,víctor-huerta,television,OLMOS Y ROBLES , Tve1.
818,víctor-huerta,television,EL CHIRINGUITO DE PEPE , Telecinco.
819,víctor-huerta,television,CON EL CULO AL AIRE ,  Antena 3.
820,víctor-huerta,television,DREAMLAND , Cuatro. 
821,víctor-huerta,television,ÁGUILA ROJA , Tve1.
822,víctor-huerta,television,ISABEL , Tve1.
823,víctor-huerta,television,GRAN HOTEL , Antena 3.
824,víctor-huerta,television,EL SECRETO DE PUENTE VIEJO , Antena 3.
825,víctor-huerta,television,BANDOLERA , Antena 3.
826,víctor-huerta,television,CUENTAME , Tve1.
827,víctor-huerta,cine,ERES TÚ , Dir. Alauda Ruiz de Azua - Netflix
828,víctor-huerta,cine,C,O
829,víctor-huerta,cine,IBIZA. , Dir. Arnaud Lemort.
830,víctor-huerta,cine,LA PUNTA DEL ICEBERG. , Dir. David Cánovas. 
831,víctor-huerta,cine,PERDIENDO EL NORTE , Dir. Nacho García Velilla. 
832,víctor-huerta,cine,O,D
833,víctor-huerta,teatro,EMBRUJO , Compañía Ana Dávila.
834,víctor-huerta,formacion,"""",M
835,víctor-huerta,cortometrajes,D,e
836,víctor-huerta,cortometrajes,C,a
837,víctor-huerta,cortometrajes,S,e
838,joaquín-gómez,television,"""",A
839,joaquín-gómez,television,"""FERIA, LA LUZ MÁS OSCURA"" ", NETFLIX.
840,joaquín-gómez,television,"""AMAR ES PARA SIEMPRE"" ", Antena 3. Diagonal TV. 
841,joaquín-gómez,television,"""LA CASA DE PAPEL"" ", Vancouver Media. 
842,joaquín-gómez,television,"""BRIGADA COSTA DEL SOL"" ", Warner. 
843,joaquín-gómez,television,"""VERGÜENZA"" ",  Movistar+. 
844,joaquín-gómez,television,"""DE LA LEY A LA LEY"" ", BCN. Visiona Tv. 
845,joaquín-gómez,television,"""LA PESTE"" ", Dir. Alberto Rodríguez. Movistar Plus. 
846,joaquín-gómez,television,"""LA CATEDRAL DEL MAR"" ", Antena 3. Diagonal TV. 
847,joaquín-gómez,television,"""CENTRO MÉDICO"" TVE1 ", Zebra Producciones.
848,joaquín-gómez,television,"""EL MINISTERIO DEL TIEMPO"" ", Tve1.   
849,joaquín-gómez,television,"""CON EL CULO AL AIRE"" ", Antena 3  
850,joaquín-gómez,television,“CUENTAME CÓMO PASÓ ” , Grupo Ganga producciones – Tve1.
851,joaquín-gómez,television,“,E
852,joaquín-gómez,television,“,G
853,joaquín-gómez,television,“,C
854,joaquín-gómez,television,“,F
855,joaquín-gómez,television,“,A
856,joaquín-gómez,television,“,A
857,joaquín-gómez,television,“,P
858,joaquín-gómez,television,“,A
859,joaquín-gómez,television,“,2
860,joaquín-gómez,television,“,L
861,joaquín-gómez,television,“,H
862,joaquín-gómez,television,“,L
863,joaquín-gómez,television,“,E
864,joaquín-gómez,television,“,S
865,joaquín-gómez,television,“,R
866,joaquín-gómez,television,“,H
867,joaquín-gómez,television,“,L
868,joaquín-gómez,television,“,M
869,joaquín-gómez,television,“,L
870,joaquín-gómez,teatro,“LA GAVIOTA” , Dir. Rubén Ochandiano.
871,joaquín-gómez,teatro,“TRES SOMBREROS” , Dir. Víctor Álvaro.
872,joaquín-gómez,teatro,“LA CELESTINA” , Dir. Joan Guaski.
873,joaquín-gómez,teatro,“Y YO EN EL TUYO...” , Dir. Joan Guaski.
874,joaquín-gómez,teatro,“EDMONG” , Dir. Toni Kitlinski.
875,joaquín-gómez,formacion,S,e
876,joaquín-gómez,formacion,I,n
877,joaquín-gómez,cortometrajes,D,e
878,joaquín-gómez,cortometrajes,C,a
879,joaquín-gómez,cortometrajes,S,e
880,francisco-escribano,television,"""",A
881,francisco-escribano,television,"""",A
882,francisco-escribano,television,C,r
883,francisco-escribano,television,P,r
884,francisco-escribano,television,T,a
885,francisco-escribano,television,E,l
886,francisco-escribano,television,L,a
887,francisco-escribano,television,U,n
888,francisco-escribano,television,M,a
889,francisco-escribano,cine,"""",L
890,francisco-escribano,cine,"""",M
891,francisco-escribano,cine,N,u
892,francisco-escribano,cine,A,r
893,francisco-escribano,cine,T,r
894,francisco-escribano,cine,M,i
895,francisco-escribano,cine,L,a
896,francisco-escribano,cine,M,a
897,francisco-escribano,cine,A,s
898,francisco-escribano,cine,C,a
899,francisco-escribano,cine,E,l
900,francisco-escribano,cine, , 
901,francisco-escribano,cine,R,a
902,francisco-escribano,cine,B,e
903,francisco-escribano,cine,2,8
904,francisco-escribano,cine,S,o
905,francisco-escribano,cine,L,a
906,francisco-escribano,cine,M,a
907,francisco-escribano,cine, , 
908,francisco-escribano,teatro,L,a
909,francisco-escribano,teatro,U,s
910,francisco-escribano,teatro,L,a
911,francisco-escribano,teatro,L,a
912,francisco-escribano,teatro,A,u
913,francisco-escribano,teatro,L,a
914,francisco-escribano,teatro,P,r
915,francisco-escribano,teatro,L,a
916,francisco-escribano,formacion,S,e
917,francisco-escribano,formacion,I,n
918,francisco-escribano,cortometrajes,D,e
919,francisco-escribano,cortometrajes,C,a
920,francisco-escribano,cortometrajes,S,e
921,paula-gallego,television,"""MACHOS ALFA"" ", Netflix
922,paula-gallego,television,"  ""VIS A VIS: EL OASIS"" ", Netflix
923,paula-gallego,television,"  ""45 REVOLUCIONES"" ", Antena3
924,paula-gallego,television,"  ""PAQUITA SALAS"" ", Netflix
925,paula-gallego,television,  “CUENTAME COMO PASO” , TVE1 
926,paula-gallego,television,  “MEJOR PRONTO QUE TARDE” , Campaña Proyecto Hombre y Fundación Atresmedia.
927,paula-gallego,cine,"""",L
928,paula-gallego,cine,"""",L
929,paula-gallego,teatro,L,a
930,paula-gallego,teatro,U,s
931,paula-gallego,teatro,L,a
932,paula-gallego,teatro,L,a
933,paula-gallego,teatro,A,u
934,paula-gallego,teatro,L,a
935,paula-gallego,teatro,P,r
936,paula-gallego,teatro,L,a
937,paula-gallego,formacion,*, 
938,paula-gallego,formacion,P,a
939,paula-gallego,cortometrajes,D,e
940,paula-gallego,cortometrajes,C,a
941,paula-gallego,cortometrajes,S,e
942,alejandra-lorenzo,television,ACACIAS 38 , TVE1 (Flora)
943,alejandra-lorenzo,television,EL CASO , (Asun)
944,alejandra-lorenzo,television,C,O
945,alejandra-lorenzo,television,A,M
946,alejandra-lorenzo,television,G,É
947,alejandra-lorenzo,television,P,E
948,alejandra-lorenzo,cine,PUDOR , Vero
949,alejandra-lorenzo,cine,N,O
950,alejandra-lorenzo,cine,FUERA DE CARTA , Alba
951,alejandra-lorenzo,cine,I,N
952,alejandra-lorenzo,cine,CARLITOS Y EL CAMPO DE LOS SUEÑOS , Flaca
953,alejandra-lorenzo,cine,TÚ ELIGES , Adela
954,alejandra-lorenzo,cine, , 
955,alejandra-lorenzo,cine,S,H
956,alejandra-lorenzo,cine,E,L
957,alejandra-lorenzo,cine,S,T
958,alejandra-lorenzo,teatro,L,a
959,alejandra-lorenzo,teatro,U,s
960,alejandra-lorenzo,teatro,L,a
961,alejandra-lorenzo,teatro,L,a
962,alejandra-lorenzo,teatro,A,u
963,alejandra-lorenzo,teatro,L,a
964,alejandra-lorenzo,teatro,P,r
965,alejandra-lorenzo,teatro,L,a
966,alejandra-lorenzo,formacion,C,u
967,alejandra-lorenzo,formacion, , 
968,alejandra-lorenzo,formacion,B,a
969,alejandra-lorenzo,formacion,B,a
970,alejandra-lorenzo,formacion,D,e
971,alejandra-lorenzo,formacion,C,a
972,alejandra-lorenzo,formacion,u,k
973,alejandra-lorenzo,cortometrajes,D,e
974,alejandra-lorenzo,cortometrajes,C,a
975,alejandra-lorenzo,cortometrajes,S,e
976,irene-rojo,television,« YRREAL » , Dir. Alberto Utrera (Actriz de reparto: NATALIA)
977,irene-rojo,television,« ESTOY VIVO » , 3ª Temporada (Actriz reparto - REBE). TVE
978,irene-rojo,television,« EL CONTINENTAL » Dir. Frank Ariza , (Actriz de reparto - MARÍA).TVE
979,irene-rojo,television,« INSTAMOM » ,  Webserie (actriz de reparto: INSTAGRAMER). Plano a plano.
980,irene-rojo,television,« CENTRO MÉDICO» , TVE.
981,irene-rojo,television,« LQSA » , Telecinco.
982,irene-rojo,television,« SERVIR Y PROTEGER » , TVE.
983,irene-rojo,television,« LIKES » , Bailarina programa especial navidad / Movistar +
984,irene-rojo,cine, , 
985,irene-rojo,cine,2,0
986,irene-rojo,cine,2,0
987,irene-rojo,cine, , 
988,irene-rojo,cine,G,i
989,irene-rojo,cine,D,a
990,irene-rojo,cine, , 
991,irene-rojo,teatro,2015 , Masterclass impartida por Javier Olivares en Unión de Actores.
992,irene-rojo,formacion,2019 , Intensivo de Interpretación con John Strasberg
993,irene-rojo,formacion,2019 , Assymetrical motion con Lucas Condró
994,irene-rojo,formacion,2019 , Taller de interpretación “Lo que dices de mí” Francesco Carrill
995,irene-rojo,formacion,2019 ," Taller de cuerpo, danza y movimiento « Desde las cenizas » Chevy Muraday y Alberto Velasco"
996,irene-rojo,formacion,2019 , Avanzado de interpretación con Javi Luna
997,irene-rojo,formacion,2019 , Interpretación con Jose Manuel Carrasco
998,irene-rojo,formacion,2019 , Intensivo de interpretación ante la cámara impartido por Alfonso Albacete
999,irene-rojo,formacion,2018 , Intensivo micro emoción ante la cámara impartido por Carmen Rico en Sucursales emocionales
1000,irene-rojo,formacion,2018/17 , De la escena a la puesta en escena con Fernando Soto
1001,irene-rojo,formacion,2018/17 , Interpretación con Roberto Cerdá en aZarte
1002,irene-rojo,formacion,2018 , Intensivo Suzuki impartido por Gabriel Olivares TEATROLAB
1003,irene-rojo,formacion,2018 , MasterClass HAMLET impartido por Juan Carlos Corazza en Unión de actores
1004,irene-rojo,formacion,2018 , Creación de personaje con Mar Navarro y Andrés Hernández
1005,irene-rojo,formacion,2018 , Intensivo de interpretación impartido por Eduardo Casanova
1006,irene-rojo,formacion,2018 , Intensivo de Técnica Meisner impartido por Yolanda Vega
1007,irene-rojo,formacion,2018 , Estructura dramática con Raquel Pérez
1008,irene-rojo,formacion,2017/16 , Chéjov impartido por Rosa Manteiga / Escuela Internacional del Gesto
1009,irene-rojo,formacion,2017/16 , Viewpoints impartido por Chemi López / Escuela Internacional del Gesto
1010,irene-rojo,formacion,2017/16 , Interpretación en Acción-Escena
1011,irene-rojo,formacion,2017 , Intensivo Interpretación Nacho Guerreros- Estudio V
1012,irene-rojo,formacion,2016 , Curso Intensivo de Interpretación impartido por Verónica Forqué en Escuela Expresando.
1013,irene-rojo,cortometrajes,D,e
1014,irene-rojo,cortometrajes,C,a
1015,irene-rojo,cortometrajes,S,e
1016,raquel-nogueira,television,"""",H
1017,raquel-nogueira,television,"""LUIMELIA"" ", AtresPlayer 
1018,raquel-nogueira,cine, , 
1019,raquel-nogueira,cine,2,0
1020,raquel-nogueira,cine,2,0
1021,raquel-nogueira,cine, , 
1022,raquel-nogueira,cine,G,i
1023,raquel-nogueira,cine,D,a
1024,raquel-nogueira,cine, , 
1025,raquel-nogueira,formacion,G,r
1026,raquel-nogueira,formacion,E,s
1027,raquel-nogueira,formacion,C,u
1028,raquel-nogueira,formacion,T,a
1029,raquel-nogueira,formacion,Curso de Cámara Avanzado , Actores Madrid. 
1030,raquel-nogueira,formacion,C,u
1031,raquel-nogueira,formacion,T,a
1032,raquel-nogueira,formacion,Técnicas de entrenamiento actoral , trabajo psicofísico con Charo Amador. RESAD.
1033,raquel-nogueira,formacion, , 
1034,raquel-nogueira,formacion,T,o
1035,raquel-nogueira,cortometrajes,D,e
1036,raquel-nogueira,cortometrajes,C,a
1037,raquel-nogueira,cortometrajes,S,e
1038,ana-verónica-schultz,cine, , 
1039,ana-verónica-schultz,formacion, , 
1040,ana-verónica-schultz,formacion,P,a
1041,ana-verónica-schultz,formacion,I,d
1042,ana-verónica-schultz,formacion, , 
1043,ana-verónica-schultz,cortometrajes,2014," ""CIUDADES"" de Nicolas Gutiérrez."
1044,gemma-marín,television,EOP Latin Sketches , Facebook Channel 
1045,gemma-marín,television,BETRAYED , All3Media America. Discovery Channel 
1046,gemma-marín,television,MURDER BOOKS , Discovery Channel 
1047,gemma-marín,television,VIGOPOLIS , Grupo Recalvi. Youtube 
1048,gemma-marín,television,AMAR EN TIEMPOS REVUELTOS , TVE1
1049,gemma-marín,television,LA DUQUESA , Ficcion Media. Telecinco
1050,gemma-marín,television,SHARE , Antena 3
1051,gemma-marín,television,EL PICU , Canal 9
1052,gemma-marín,television,SÉ LO QUE HICITEIS , Globomedia. La Sexta 
1053,gemma-marín,television,BECARIOS , Tele 5 
1054,gemma-marín,television,FÍSICA O QUÍMICA , Ida y Vuelta. Antena 3 
1055,gemma-marín,television,AÍDA , Globomedia.. Tele 5
1056,gemma-marín,television,CAMBIO DE CLASE , Disney Channel
1057,gemma-marín,television,CUENTA ATRÁS , Globomedia.  Cuatro
1058,gemma-marín,cine,M,A
1059,gemma-marín,cine,3am IN HOLLYWOOD , Dir. Milles Kelley
1060,gemma-marín,cine,A PATIENT MAN , Dir. Brian Patison
1061,gemma-marín,cine,NOT SO YOUNG , Dir. Roger Lim
1062,gemma-marín,cine,LEAP OF FATE ,  Dir. Sthephanie Meyers
1063,gemma-marín,cine,PEGADO A TU ALMOHADA , Dir. Mari Navarro
1064,gemma-marín,teatro,C,A
1065,gemma-marín,teatro,EX,PRESO A BÉLGICA
1066,gemma-marín,teatro,"MUSICAL INDIA, The Journey ", Dir. Sunny Sight.
1067,gemma-marín,formacion,C,u
1068,gemma-marín,formacion,I,n
1069,gemma-marín,formacion,D,r
1070,gemma-marín,formacion,C,o
1071,gemma-marín,formacion,A,c
1072,gemma-marín,formacion,Interpretación ante la cámara en Arte,4 School.
1073,gemma-marín,formacion, , 
1074,gemma-marín,formacion,B,a
1075,gemma-marín,formacion,I,n
1076,gemma-marín,cortometrajes,2014," ""CIUDADES"" de Nicolas Gutiérrez."
1077,silvia-acosta,television,"""DOS VIDAS"" ",  (Patricia Godoy). Bambú Producciones.TVE1. 
1078,silvia-acosta,television,"  ""CARONTE"" ", Dir. Alberto Ruiz Rojo. BigBangMedia.
1079,silvia-acosta,television,"  ""ENTRE OLIVOS"" ",  Dir. Antonio Hens. EntreOlivos Factory. Personaje principal.
1080,silvia-acosta,television,"  ""CUÉNTAME CÓMO PASÓ"" ", Grupo Ganga. 
1081,silvia-acosta,television,"  ""CENTRO MÉDICO"" ", Zebra Producciones. 
1082,silvia-acosta,television,"  ""ARRAYÁN"" ", Dir: L. Morillo. Prod. Linzhe. Personaje secundario.
1083,silvia-acosta,teatro, , 
1084,silvia-acosta,teatro,H,a
1085,silvia-acosta,formacion,L,i
1086,silvia-acosta,formacion,A,c
1087,silvia-acosta,formacion,E,n
1088,silvia-acosta,formacion,E,n
1089,silvia-acosta,formacion,E,n
1090,silvia-acosta,formacion,T,a
1091,silvia-acosta,formacion,D,a
1092,silvia-acosta,formacion,E,n
1093,silvia-acosta,cortometrajes,2014," ""CIUDADES"" de Nicolas Gutiérrez."
1094,bárbara-oteiza,television,D,O
1095,bárbara-oteiza,television,B,Y
1096,bárbara-oteiza,television,L,A
1097,bárbara-oteiza,television,C,E
1098,bárbara-oteiza,cine,2,0
1099,bárbara-oteiza,cine,2,0
1100,bárbara-oteiza,cine,2,0
1101,bárbara-oteiza,cine,2,0
1102,bárbara-oteiza,cine,2,0
1103,bárbara-oteiza,cine,2,0
1104,bárbara-oteiza,cine,2,0
1105,bárbara-oteiza,teatro,2,0
1106,bárbara-oteiza,formacion,C,u
1107,bárbara-oteiza,formacion,M,a
1108,bárbara-oteiza,formacion,C,u
1109,bárbara-oteiza,formacion,M,a
1110,bárbara-oteiza,formacion,M,e
1111,bárbara-oteiza,formacion,C,u
1112,bárbara-oteiza,formacion,H,a
1113,bárbara-oteiza,formacion,I,d
1114,bárbara-oteiza,cortometrajes,2014," ""CIUDADES"" de Nicolas Gutiérrez."
1115,ana-roche,television,“CUENTAME CÓMO  PASÓ” , Tve1.
1116,ana-roche,television,“EL APAGÓN , Niños salvajes” - Movistar+
1117,ana-roche,television,"“FLIPANTE NOA"" ",  Disney Channel.
1118,ana-roche,television,"""ALMANSA EN VIVO"" ",  Tv Almansa
1119,ana-roche,cine,"""CROMOS"" ", dir. José Angel Delgado.
1120,ana-roche,teatro,P,r
1121,ana-roche,teatro,P,r
1122,ana-roche,teatro,P,r
1123,ana-roche,formacion,L,i
1124,ana-roche,formacion,E,s
1125,ana-roche,formacion,G,r
1126,ana-roche,formacion,G,r
1127,ana-roche,formacion, , 
1128,ana-roche,formacion,D,a
1129,ana-roche,formacion, , 
1130,ana-roche,formacion,C,a
1131,ana-roche,formacion, , 
1132,ana-roche,cortometrajes,2014," ""CIUDADES"" de Nicolas Gutiérrez."
1133,solange-bruzual,television,"""MERCADO CENTRAL"" ",  TVE1. Diagonal Tv.
1134,solange-bruzual,television,"""CUERPO DE ELITE"" ", Antena 3. Mod Producciones. 
1135,solange-bruzual,television,"""WAKE UP"" ", Web serie. Mr.Factory. 
1136,solange-bruzual,television,"""HISTORIAS QUE CONMUEVEN"" ", Audiovisuales samaritanas. Cap.12.(Venezuela).
1137,solange-bruzual,television,"""VIRGEN DE LA CALLE"" ",  RCT/Televisa. (Venezuela).
1138,solange-bruzual,television,"""LA MERIENDA"" "," RCTV. Serie infantil, Sketch. (Venezuela)."
1139,solange-bruzual,cine,C,u
1140,solange-bruzual,cine,C,u
1141,solange-bruzual,cine,C,u
1142,solange-bruzual,cine,C,u
1143,solange-bruzual,cine,C,u
1144,solange-bruzual,cine,C,u
1145,solange-bruzual,cine,C,u
1146,solange-bruzual,cine, , 
1147,solange-bruzual,cine,H,a
1148,solange-bruzual,teatro,F,i
1149,solange-bruzual,teatro,C,o
1150,solange-bruzual,teatro,L,a
1151,solange-bruzual,cortometrajes,2014," ""CIUDADES"" de Nicolas Gutiérrez."
1152,ana-del-arco,television,M,a
1153,ana-del-arco,television,E,l
1154,ana-del-arco,television,P,e
1155,ana-del-arco,television,H,o
1156,ana-del-arco,television,C,u
1157,ana-del-arco,television,S,e
1158,ana-del-arco,television,V,e
1159,ana-del-arco,television,E,l
1160,ana-del-arco,television,T,i
1161,ana-del-arco,television,A,i
1162,ana-del-arco,television,A, 
1163,ana-del-arco,cine,R,a
1164,ana-del-arco,cine,L,a
1165,ana-del-arco,cine,L,a
1166,ana-del-arco,cine,N,o
1167,ana-del-arco,cine,C,a
1168,ana-del-arco,cine,F,u
1169,ana-del-arco,cine,D,a
1170,ana-del-arco,teatro,Boyfriend. La Cabra Compañía. Espectáculo de danza,teatro.
1171,ana-del-arco,formacion,L,i
1172,ana-del-arco,formacion,G,r
1173,ana-del-arco,formacion,M,o
1174,ana-del-arco,formacion,E,l
1175,ana-del-arco,formacion,E,s
1176,ana-del-arco,formacion,C,a
1177,ana-del-arco,cortometrajes,2014," ""CIUDADES"" de Nicolas Gutiérrez."
1178,camille-glemet,television,FABLE ," serie, 7iFilms, Apple TV+. Dir. Ola Martin"
1179,camille-glemet,television,MIRA LO QUE HAS HECHO ," serie, El Terrat, Movistar +. Dir. Javier Ruiz Caldera"
1180,camille-glemet,television,LA VICTIMA NÚMERO OCHO ," serie, Globomedia, Netflix - Telemadrid. Dir. Alejandro Bazzano"
1181,camille-glemet,television,ALICE NEVERS ," serie, TF1. Dir. Jean-Christophe Delpias"
1182,camille-glemet,television,PEP’S ," serie, TF1. Dir. Christian Bonnet"
1183,camille-glemet,television,NOS CHERS VOISINS ," serie, TF1. Dir. Pierre Leix-Cote"
1184,camille-glemet,television,TREPALIUM ," serie, ARTE Dir. Vincent Lannoo"
1185,camille-glemet,television,OH LES MEUFS ! , piloto serie TV. Dir. Luc Delasnerie
1186,camille-glemet,television,RAS LE BOL TOUR , piloto serie TV. Dir. Marco Cravero
1187,camille-glemet,television,GOSSIP GIRL , serie TV US. CW1. Peninsula Films
1188,camille-glemet,cine,LEO , corto dirigido por Sergio Postigo Cruz
1189,camille-glemet,cine,L’ANTIDOC , corto dirigido por E. Barnault et H. Giquello
1190,camille-glemet,cine,TOUT SE JOUE AU DÉMARRAGE , corto dirigido por Antonin Péretjatko. Prod. Australie
1191,camille-glemet,cine,LE CHANT DES MEURTRIERES ," corto musical dirigido por M. Van de Broek *Ganador del Cristal Festival, del festival ciné d’Alès y del festival de Winchester"
1192,camille-glemet,cine,GHB , corto dirigido por Quentin Tiriau. Nikon Festival
1193,camille-glemet,cine,LA FILLE EN KIT , corto dirigido por Vincent Leplat
1194,camille-glemet,cine,VOYAGE AU BOUT DE LA VIE , corto dirigido por Claire Navarro
1195,camille-glemet,teatro,•, 
1196,camille-glemet,teatro,  , MASTER DE PERIODISMO Y COMUNICACIÓN de Sciences-Po Paris
1197,camille-glemet,teatro,," CONSULTORA freelance en storytelling, arte de la convicción y oratoria"
1198,camille-glemet,teatro, , 
1199,camille-glemet,teatro,•, 
1200,camille-glemet,teatro,•, 
1201,camille-glemet,teatro,•, 
1202,camille-glemet,teatro,•, 
1203,camille-glemet,teatro,•, 
1204,camille-glemet,teatro,•, 
1205,camille-glemet,teatro,•, 
1206,camille-glemet,teatro, , 
1207,camille-glemet,teatro,  IDIOMAS: Castellano y Francés (nativos) , Inglés y Italiano (bilingüe)
1208,camille-glemet,teatro,C,A
1209,camille-glemet,teatro,I,N
1210,camille-glemet,teatro,D,A
1211,camille-glemet,teatro,D,E
1212,camille-glemet,formacion,•, 
1213,camille-glemet,cortometrajes,2014," ""CIUDADES"" de Nicolas Gutiérrez."
1214,maría-herrador,television,"""",H
1215,maría-herrador,television,"""",C
1216,maría-herrador,television,"""",L
1217,maría-herrador,cine,Q,u
1218,maría-herrador,cine,L,a
1219,maría-herrador,cine,L,a
1220,maría-herrador,cine,E,l
1221,maría-herrador,cine,E,s
1222,maría-herrador,teatro, , 
1223,maría-herrador,teatro,I,n
1224,maría-herrador,teatro,I,t
1225,maría-herrador,teatro,M,a
1226,maría-herrador,teatro,I,n
1227,maría-herrador,teatro,T,o
1228,maría-herrador,teatro,Y,o
1229,maría-herrador,formacion,Grado de Interpretación textual. ESAD de Córdoba y Sevilla // 2012,2016
1230,maría-herrador,formacion,P,o
1231,maría-herrador,formacion,D,i
1232,maría-herrador,formacion,PAS , Learning of Performance Art. Cañada del Hoyo 
1233,maría-herrador,formacion,D,a
1234,maría-herrador,formacion,E,n
1235,maría-herrador,cortometrajes,2014," ""CIUDADES"" de Nicolas Gutiérrez."
1236,camino-fernández,television,“LA UNIDAD 3” , (Personaje: SARA) - Movistar+. 2023
1237,camino-fernández,television,"  ""LA NOVIA GITANA” ", de Paco Cabezas - Diagonal TV - AtresPlayer.
1238,camino-fernández,television,"  ""LA CAZA ", GUADIANA” - DLO prod. 
1239,camino-fernández,television,"  ""MERCADO CENTRAL"" ", TVE1 - Personaje: Ingrid.
1240,camino-fernández,television,"  ""BRIGADA COSTA DEL SOL"" ", Tele5 y Netflix. Dirección: Norberto López
1241,camino-fernández,television,"  ""IFAMILY""  ", Dirección: Rafael Montesinos
1242,camino-fernández,television,"""CUENTAME CÓMO PASÓ""  ", Dirección: Antonio Cano
1243,camino-fernández,television,"""ANGEL O DEMONIO"" ",  Dirección: Gonzalo López-Gallego
1244,camino-fernández,television,"""IMPARES"" ", Neox T.V. Dirección: Peris Romano
1245,camino-fernández,television,"""OBJETIVO MEDIACIÓN"" ", Antena3 TV personaje Ángela Dirección: Jose Luis Larrauri
1246,camino-fernández,television,"""BICHO MALO (nunca muere)"" ",  Neox T.V. Dirección: Peris Romano
1247,camino-fernández,television,"""¿HAY ALGUIEN AHÍ?"" ", Dirección: Daniel Cebrian
1248,camino-fernández,television,"""ARRAYAN"" ",  Dirección: Ismael Morillo
1249,camino-fernández,television,"""EL PORVENIR ES LARGO"" ", (Personaje Olga) Dirección: Eduardo Milewicz
1250,camino-fernández,television,"""ESTO NO ES SERIO, ¿o si?""",  personaje fijo Dirección: Aitor Osa
1251,camino-fernández,television,"""HERMANOS Y DETECTIVES"" ", Dirección: Alberto Ruiz Rojo
1252,camino-fernández,television,"""LA QUE SE AVECINA"" ", (Personaje Sonia) Dirección: Juanma R. Pachon
1253,camino-fernández,television,"""A TORTAS CON LA VIDA"" ",  Dirección: Juan Luis Iborra
1254,camino-fernández,television,"""LA SOPA BOBA"" ", Dirección: Josete Picaporte
1255,camino-fernández,television,"""",E
1256,camino-fernández,television,"""AQUI NO HAY QUIEN VIVA"" ", Dirección: Juan Luis Iborra
1257,camino-fernández,cine,Lejos Del Mar , Largometraje 
1258,camino-fernández,cine,D,i
1259,camino-fernández,cine,  Las voces perdidas , Cortometraje
1260,camino-fernández,cine,D,i
1261,camino-fernández,cine,"""",D
1262,camino-fernández,cine,C,o
1263,camino-fernández,cine,E,t
1264,camino-fernández,cine,I,s
1265,camino-fernández,cine,D,i
1266,camino-fernández,cine,E,l
1267,camino-fernández,cine,D,i
1268,camino-fernández,cine,L,a
1269,camino-fernández,cine,D,i
1270,camino-fernández,cine,C,a
1271,camino-fernández,cine,L,a
1272,camino-fernández,cine,C,i
1273,camino-fernández,cine,D,i
1274,camino-fernández,cine,L,a
1275,camino-fernández,cine,D,i
1276,camino-fernández,cine,I,n
1277,camino-fernández,teatro,w,w
1278,camino-fernández,formacion,L,a
1279,camino-fernández,formacion, , 
1280,camino-fernández,formacion,C,l
1281,camino-fernández,formacion,P,r
1282,camino-fernández,formacion,B,a
1283,camino-fernández,cortometrajes,2014," ""CIUDADES"" de Nicolas Gutiérrez."
1284,elena-rayos,television,“,D
1285,elena-rayos,television,"""Acacias 38"" Personaje Cristina Novoa. TVE1", Boomerang Tv. 2018
1286,elena-rayos,television,"""",P
1287,elena-rayos,television,"""",C
1288,elena-rayos,television,"""",E
1289,elena-rayos,television,"""",A
1290,elena-rayos,television,"""",P
1291,elena-rayos,television,"""",A
1292,elena-rayos,television,"""",A
1293,elena-rayos,television,"""",E
1294,elena-rayos,cine,"""",L
1295,elena-rayos,cine,"""",E
1296,elena-rayos,cine,"""",S
1297,elena-rayos,cine,"""",E
1298,elena-rayos,cine,"""",E
1299,elena-rayos,teatro,"""Reikiavik""  Texto  y Dir. Juan Mayorga. 2015",2016
1300,elena-rayos,teatro,"""",L
1301,elena-rayos,teatro,"""Penal de Ocaña""  Mª Josefa Canellada",Ana Zamora. 2013-2014
1302,elena-rayos,teatro,"""",F
1303,elena-rayos,teatro,"""",A
1304,elena-rayos,teatro,"""",D
1305,elena-rayos,teatro,"""Avaricia, Lujuria y Muerte""  C.D.N. Valle",Inclán. Dir. Ana Zamora. 2009
1306,elena-rayos,teatro,"""",L
1307,elena-rayos,teatro,"""",D
1308,elena-rayos,teatro,"""",D
1309,elena-rayos,teatro,"""",A
1310,elena-rayos,teatro,"""",L
1311,elena-rayos,teatro,"""",L
1312,elena-rayos,teatro,"""",C
1313,elena-rayos,teatro,"""",F
1314,elena-rayos,teatro,"""",L
1315,elena-rayos,teatro,"""",L
1316,elena-rayos,teatro,"""",C
1317,elena-rayos,formacion,L,i
1318,elena-rayos,formacion,  , PREMIO ACTRIZ REVELACIÓN UNIÓN DE ACTORES 2012
1319,elena-rayos,formacion,, PREMIO DELIRIOS DE MUJER 2013
1320,elena-rayos,formacion, , 
1321,elena-rayos,cortometrajes,2014," ""CIUDADES"" de Nicolas Gutiérrez."
1322,elena-rayos,videoclip,"""",E
1323,elena-rayos,videoclip,"""",E
1324,elena-rayos,videoclip,"""",Ú
1325,elena-rayos,videoclip,"""",T
1326,natalia-hernández,television,“MACHOS ALFA” , Netflix
1327,natalia-hernández,television,"""VIS A VIS, EL OASIS"" ", Globomedia. (Personaje: Elena). 
1328,natalia-hernández,television,“VERGÜENZA” , Movistar+. Apache Films. 3ª temporada. 
1329,natalia-hernández,television,"""CARONTE"" ", Jueza Amalia Barallobre. Bigbang Media. 
1330,natalia-hernández,television,"""CENTRO MÉDICO"" ", Zebraproducciones. Tve. 
1331,natalia-hernández,television,"""ARDE MADRID"" ", de Paco León. Movistar+.
1332,natalia-hernández,television,"""",P
1333,natalia-hernández,television,"""ESTOY VIVO"".(Temporada 1) ", TVE.Globomedia.
1334,natalia-hernández,television,"""CENTRO MÉDICO"".", TVE. Zebraproducciones.
1335,natalia-hernández,television,"""CUENTAME CÓMO PASÓ "" ", TVE 
1336,natalia-hernández,television,“AIDA” ," Telecinco. Globomedia. Personaje: Soledad, Psicóloga. "
1337,natalia-hernández,television,"""",A
1338,natalia-hernández,television,  “LA QUE SE AVECINA” , Telecinco. Personaje: Patu. 
1339,natalia-hernández,television,  “HERMANOS Y DETECTIVES” , Telecinco. 
1340,natalia-hernández,television,  “POLICIAS” , Antena 3. GLOBO MEDIA. Personaje: Gloria 
1341,natalia-hernández,television, , 
1342,natalia-hernández,television, , 
1343,natalia-hernández,television, , 
1344,natalia-hernández,cine,"""",E
1345,natalia-hernández,cine,“,C
1346,natalia-hernández,cine,“,M
1347,natalia-hernández,cine,“,A
1348,natalia-hernández,cine,“,Y
1349,natalia-hernández,teatro,C,u
1350,natalia-hernández,teatro,E,s
1351,natalia-hernández,teatro,6,º
1352,natalia-hernández,teatro,7,º
1353,natalia-hernández,teatro,E,s
1354,natalia-hernández,teatro,E,s
1355,natalia-hernández,teatro, , 
1356,natalia-hernández,teatro,“,Z
1357,natalia-hernández,teatro,P,i
1358,natalia-hernández,teatro,P,i
1359,natalia-hernández,teatro,(,C
1360,natalia-hernández,teatro,Miembro del grupo “Tierra de Gatos” Como flautista y coros 2004,2006.
1361,natalia-hernández,teatro,"Miembro del grupo “Ailema”. Como flautista, pianista y coros. 2001",2003
1362,natalia-hernández,teatro,M,i
1363,natalia-hernández,teatro, , 
1364,natalia-hernández,formacion,C,u
1365,natalia-hernández,cortometrajes,2014," ""CIUDADES"" de Nicolas Gutiérrez."
1366,natalia-hernández,videoclip,"""",E
1367,natalia-hernández,videoclip,"""",E
1368,natalia-hernández,videoclip,"""",Ú
1369,natalia-hernández,videoclip,"""",T
1370,inge-martín,television,"""Las Estrellas"". Canal El 13, Pol",ka producciones. Argentina. 2017
1371,inge-martín,television,"""Yo Soy Luna"" Disney Channel, Pol",ka producciones. Argentina. 2016
1372,inge-martín,television,"""",S
1373,inge-martín,television,"""",B
1374,inge-martín,television,"""",H
1375,inge-martín,television,"""",A
1376,inge-martín,television,"""",E
1377,inge-martín,cine,2016 ," ""El Hilo Rojo"" Dir. Daniela Goggi "
1378,inge-martín,cine,2013 ," ""Todo el tiempo del mundo"" Dir. José Antonio Quirós"
1379,inge-martín,cine,2006 ," ""Las Trece Rosas"" Dir. Emilio Martínez Lázaro"
1380,inge-martín,cine,2005 ," ""Semen, una historia de amor"" Dir. Daniela Fejerman e Inés París."
1381,inge-martín,formacion,L,i
1382,inge-martín,formacion,E,g
1383,inge-martín,formacion,A,c
1384,inge-martín,formacion,"""",C
1385,inge-martín,formacion,"""",T
1386,inge-martín,formacion,"""",E
1387,inge-martín,formacion,"""",C
1388,inge-martín,formacion,"""",W
1389,inge-martín,formacion,"""",C
1390,inge-martín,formacion, , 
1391,inge-martín,formacion,A,c
1392,inge-martín,formacion,H,a
1393,inge-martín,formacion,, Carnet de conducir.                      
1394,inge-martín,formacion,, Doblaje y locución.
1395,inge-martín,formacion,," Conocimientos de lucha escénica, esgrima y equitación."
1396,inge-martín,formacion,," 15 años de Danza Clásica, Contemporánea y Jazz en el Estudio Carmen Senra, Madrid."
1397,inge-martín,formacion, , 
1398,inge-martín,formacion,  ," Premio Mi Butaquita por ""Un hombre con gafas de pasta"". 2014"
1399,inge-martín,formacion,," El Mundo, reconocimiento a mejor comedia ""Un hombre con gafas de pasta"". 2014"
1400,inge-martín,cortometrajes,2005 ," ""Juego"" Dir. Ione Hernández. "
1401,inge-martín,videoclip,"""",E
1402,inge-martín,videoclip,"""",E
1403,inge-martín,videoclip,"""",Ú
1404,inge-martín,videoclip,"""",T
1405,anabel-maurín,television,AMAR ES PARA SIEMPRE , Antena 3. Diagonal TV (Soledad). 2019
1406,anabel-maurín,television,  CLUB HOUDINI ,  (Madre de Tamara. Reparto). Disney Channel. La Penúltima TV. 2018
1407,anabel-maurín,television,  CENTRO MÉDICO , (Adela Vidal. Capitular) Zebra Produccciones. 2018
1408,anabel-maurín,television,  CENTRO MÉDICO , Sonia .Capitular). Zebra Producciones. 2017
1409,anabel-maurín,television,  EL HOMBRE DE TU VIDA , (Ines-Viajera). Reparto) DLO Producciones. 2016
1410,anabel-maurín,television,  YO SOY BEA , (Médico oculista). Grundy Producciones. 2006
1411,anabel-maurín,cine,I,n
1412,anabel-maurín,cine,C,r
1413,anabel-maurín,cine, , 
1414,anabel-maurín,cine,  , Piano. 3o Solfeo; 2a Piano. Conservatorio Superior de Música de Monzón.
1415,anabel-maurín,cine, , 
1416,anabel-maurín,cine, , 
1417,anabel-maurín,cine,A,y
1418,anabel-maurín,cine,E,s
1419,anabel-maurín,teatro,L,o
1420,anabel-maurín,teatro, , 
1421,anabel-maurín,teatro,  ,Inglés: Nivel Medio
1422,anabel-maurín,teatro, , 
1423,anabel-maurín,formacion,L,i
1424,anabel-maurín,cortometrajes,  EL CIERRE , Dir: Beatriz M. Tabasco.( Banquera) “Foto De Familia” Dir: Fernando G. Pliego (Madre). 2014
1425,anabel-maurín,cortometrajes,  PRECIPITACIONES , Dir: Josue Ramos (Madre) . Finalista Notodofilm. 2013
1426,anabel-maurín,cortometrajes,  “¿POR QUÉ DIXAMOS O NUESTRO LUGAR?”.Dir: Carlos Baselga.(Vecina) La Solana PC ,1999. “Ángel”. Dir: Pablo Cantos. (Madre. Secundario) 35mm. 2003
1427,anabel-maurín,videoclip,"""",E
1428,anabel-maurín,videoclip,"""",E
1429,anabel-maurín,videoclip,"""",Ú
1430,anabel-maurín,videoclip,"""",T
1431,eva-trancón,television,A,m
1432,eva-trancón,television,S,e
1433,eva-trancón,television,T,r
1434,eva-trancón,television,M,i
1435,eva-trancón,television,U,n
1436,eva-trancón,television,C,o
1437,eva-trancón,television,S,i
1438,eva-trancón,teatro,I,n
1439,eva-trancón,formacion,L,i
1440,eva-trancón,formacion,D,i
1441,eva-trancón,formacion,C,u
1442,eva-trancón,formacion,S,t
1443,eva-trancón,cortometrajes,  EL CIERRE , Dir: Beatriz M. Tabasco.( Banquera) “Foto De Familia” Dir: Fernando G. Pliego (Madre). 2014
1444,eva-trancón,cortometrajes,  PRECIPITACIONES , Dir: Josue Ramos (Madre) . Finalista Notodofilm. 2013
1445,eva-trancón,cortometrajes,  “¿POR QUÉ DIXAMOS O NUESTRO LUGAR?”.Dir: Carlos Baselga.(Vecina) La Solana PC ,1999. “Ángel”. Dir: Pablo Cantos. (Madre. Secundario) 35mm. 2003
1446,eva-trancón,videoclip,"""",E
1447,eva-trancón,videoclip,"""",E
1448,eva-trancón,videoclip,"""",Ú
1449,eva-trancón,videoclip,"""",T
1450,tatiana-astengo,television,NI UNA MÁS (2023) , DLO producciones - Netflix - España
1451,tatiana-astengo,television,HONOR (2023) , Portocabo - Antena 3 - España
1452,tatiana-astengo,television,EXPRESS (2022) , Mediapro - Starzplay - España
1453,tatiana-astengo,television,SOY LA SOTO (2017) Teleserie , Perú 
1454,tatiana-astengo,television,AL FONDO HAY SITIO (2011 – 2016) Teleserie , Perú
1455,tatiana-astengo,television,LA QUE SE AVECINA (2011) Teleserie , España
1456,tatiana-astengo,television,LOS MISTERIOS DE LAURA (2011) Teleserie , España 
1457,tatiana-astengo,television,"DE REPENTE, LOS GOMEZ (2009) Teleserie ", España 
1458,tatiana-astengo,television,CAZADORES DE HOMBRES (2008) Teleserie , España
1459,tatiana-astengo,television,DESAPARECIDA (2007) Teleserie , España
1460,tatiana-astengo,television,EL PROFE (2007) Teleserie , Perú
1461,tatiana-astengo,television,HOSPITAL CENTRAL (2005) Teleserie , España 
1462,tatiana-astengo,television,EL COMISARIO (2005) Teleserie , España 
1463,tatiana-astengo,television,LA RECETA DEL KINO Teleserie , Chile
1464,tatiana-astengo,television,T,O
1465,tatiana-astengo,television,LUCIANA Y NICOLÁS (2003) Telenovela , Perú
1466,tatiana-astengo,television,MILAGROS (2000) Telenovela , Perú
1467,tatiana-astengo,television,LLUVIA DE ARENA (1999) Telenovela , Perú
1468,tatiana-astengo,television,LUZ MARÍA (1998) Telenovela , Perú 
1469,tatiana-astengo,television,TORBELLINO (1997) Telenovela , Perú
1470,tatiana-astengo,television,ESCÁNDALO (1997) Telenovela , Perú 
1471,tatiana-astengo,television,TRIBUS DE LA CALLE (1996) Telenovela , Perú 
1472,tatiana-astengo,television,L,O
1473,tatiana-astengo,teatro,A, 
1474,tatiana-astengo,teatro,D,E
1475,tatiana-astengo,teatro,H,A
1476,tatiana-astengo,teatro,S,É
1477,tatiana-astengo,teatro,A, 
1478,tatiana-astengo,teatro,C,L
1479,tatiana-astengo,teatro,F,L
1480,tatiana-astengo,teatro,M,O
1481,tatiana-astengo,teatro,O,b
1482,tatiana-astengo,teatro,G,r
1483,tatiana-astengo,teatro,E,s
1484,tatiana-astengo,cortometrajes,  EL CIERRE , Dir: Beatriz M. Tabasco.( Banquera) “Foto De Familia” Dir: Fernando G. Pliego (Madre). 2014
1485,tatiana-astengo,cortometrajes,  PRECIPITACIONES , Dir: Josue Ramos (Madre) . Finalista Notodofilm. 2013
1486,tatiana-astengo,cortometrajes,  “¿POR QUÉ DIXAMOS O NUESTRO LUGAR?”.Dir: Carlos Baselga.(Vecina) La Solana PC ,1999. “Ángel”. Dir: Pablo Cantos. (Madre. Secundario) 35mm. 2003
1487,tatiana-astengo,videoclip,"""",E
1488,tatiana-astengo,videoclip,"""",E
1489,tatiana-astengo,videoclip,"""",Ú
1490,tatiana-astengo,videoclip,"""",T
1491,rosalía-omil,television,« VESTIDAS DE AZUL » , Dir. Mikel Rueda - 2023
1492,rosalía-omil,television,« RED WINE » , Dir. Ken Biller - Bambú producciones - 2022.
1493,rosalía-omil,television,«, 
1494,rosalía-omil,television,«, 
1495,rosalía-omil,television,«, 
1496,rosalía-omil,television,«, 
1497,rosalía-omil,television,«, 
1498,rosalía-omil,television,« NOSOTROS » , Web serie de Maria Medinilla y Roger Grau junto a Fundación Montblanc y Atrápalo Social.(Primera web serie en Tik Tok. Con más de un millón de reproducciones. Visionado en escuelas e institutos catalanes).
1499,rosalía-omil,cine,« UNA NOCHE CON ADELA » , Dir. Hugo Ruiz. - Prod. Muertos  de Envidia.- 2021
1500,rosalía-omil,cine,« OMBLIGO » , Largometraje de José Val Bal.
1501,rosalía-omil,cine,« GRIETAS » , Corto de Gemma Capdevila.
1502,rosalía-omil,cine,« TERRA DE TELERS » , Largometraje de Joan Frank Charansonnet.
1503,rosalía-omil,cine,« CONTE TRENCAT » , Corto Miguel Gago Caamaño.
1504,rosalía-omil,cine,« ÚLTIMO ADIÓS » , Corto de Alison Gimeno 
1505,rosalía-omil,cine,« 11 B » , Corto de Mariona Serra.
1506,rosalía-omil,cine,« RETRATO SALVAJE » , Corto de Toni G. Gilabert.
1507,rosalía-omil,cine,« CUESTIÓN DE TIEMPO » , Corto de Mª José Aceña.
1508,rosalía-omil,cine,« EL VISITANTE » , Corto de Noelia María.
1509,rosalía-omil,cine,« HAY UN NOSOTROS » , Corto de Cristina Juliana.
1510,rosalía-omil,cine,« MANUEL » ," Corto de Roger Grau y Mª Martín. (Nominada a mejor actriz secundaria en el Potsmouth International Film Festival,Reino Unido."
1511,rosalía-omil,cine,« CENIZAS » , Corto de Cristina Juliana.  
1512,rosalía-omil,cine,« EN SILENCIO » ," Corto de Roger Grau y Mª Martín. (Nominada a mejor actriz en el Festival Notodofilmfest, Madrid 2015. Nominada a mejor actriz"
1513,rosalía-omil,cine,e,n
1514,rosalía-omil,cine,« ANTES DE QUE LLEGUE » , Corto de Luis Fernando Pacheco.  
1515,rosalía-omil,cine,« LA SOMBRA » , Corto de Fran Azorín.  
1516,rosalía-omil,cine,« DOS TAZAS » , Corto de Adrián Diaz Marx.  
1517,rosalía-omil,cine,« LA SERENATA » , Corto de Rosalía Omil.  
1518,rosalía-omil,cine,« ALTO RIESGO » , Corto de Nahuel Losada.
1519,rosalía-omil,cine,« MIEDO » , Corto de Rosalía Omil.  
1520,rosalía-omil,cine,« REALIDAD PARALELA » , Corto Roberto Álvarez.  
1521,rosalía-omil,cine,« TÚ NO ESTÁS BIEN » , Corto de Ignacio Diaz de Heredia García.
1522,rosalía-omil,cine,« ANA ESTÁ SOLA Y SON DOS » , Corto de Agustín Bellusci.
1523,rosalía-omil,cine,« CASTING O CASTIGO » , Corto de Graciela Lorenti.
1524,rosalía-omil,cine,« LA ROSI » , Corto de Agustín Bellusci.
1525,rosalía-omil,cine,"« DE ESTO, NADA A NADIE » ", Largometraje de Julio Navas.
1526,rosalía-omil,teatro, , 
1527,rosalía-omil,teatro,B,a
1528,rosalía-omil,teatro,V,o
1529,rosalía-omil,teatro,C,a
1530,rosalía-omil,formacion,E,s
1531,rosalía-omil,formacion,E,s
1532,rosalía-omil,formacion,E,s
1533,rosalía-omil,cortometrajes,  EL CIERRE , Dir: Beatriz M. Tabasco.( Banquera) “Foto De Familia” Dir: Fernando G. Pliego (Madre). 2014
1534,rosalía-omil,cortometrajes,  PRECIPITACIONES , Dir: Josue Ramos (Madre) . Finalista Notodofilm. 2013
1535,rosalía-omil,cortometrajes,  “¿POR QUÉ DIXAMOS O NUESTRO LUGAR?”.Dir: Carlos Baselga.(Vecina) La Solana PC ,1999. “Ángel”. Dir: Pablo Cantos. (Madre. Secundario) 35mm. 2003
1536,rosalía-omil,videoclip,"""",E
1537,rosalía-omil,videoclip,"""",E
1538,rosalía-omil,videoclip,"""",Ú
1539,rosalía-omil,videoclip,"""",T
1540,mar-vidal,television,"« NACHO, UNA INDUSTRIA XXXL » ", Bambú Producciones.
1541,mar-vidal,television,« EL APAGÓN » , Dir. Raúl Arévalo. Movistar+
1542,mar-vidal,television,« SAGRADA FAMILIA » , Dir. Manolo Caro. Netflix
1543,mar-vidal,television,« HERIDAS » ," Atresmedia y Buendía estudios, Antena 3."
1544,mar-vidal,television,« DOS VIDAS » ,"  Personaje Agustina, ""la Tata"" . Bambú Producciones.  TVE1"
1545,mar-vidal,television,« EL PUEBLO » ,  Mediaset. 2ª temporada.
1546,mar-vidal,television,« CENTRO MÉDICO » , TVE1. 
1547,mar-vidal,cine,« MADRES PARALELAS » , Dir. Pedro Almodóvar 
1548,mar-vidal,cine,« SIN RODEOS » , Dir. Santiago Segura.
1549,mar-vidal,cine,« PARA PAPÁ CON AMOR » , Dir. Sukuma. Bollywood.
1550,mar-vidal,cine,« EL FURGÓN » , Dir. Benito Rabal con Elsa Pataky y Sancho Gracia.
1551,mar-vidal,cine,« YA NO ESTÁS SOLA » , (Principal). Mediometraje sobre la violencia de género. Ayto. Cartagena para Tve/Tv murciana/Tv Mar Menor.
1552,mar-vidal,teatro,« CUENTACUENTOS » ,"  librerías, auditorios, teatro, asociaciones. "
1553,mar-vidal,formacion,, Comedia en el audiovisual  copan Nacho Guerreros.
1554,mar-vidal,formacion,*,T
1555,mar-vidal,formacion,," Antonio Naharro Dir. cine, productor. Multipremiado: Goyas, SGAE, Concha Plata."
1556,mar-vidal,formacion,, Bel Armenteros. cine. Madrid. Creandocine.
1557,mar-vidal,formacion,, Roger Gual: Dir cine y tv. Goya. “Remake.Las chicas del cable. Smoking room.”
1558,mar-vidal,formacion,, Carlos Sedes: Dir cince y tv.: “Fariña. Gran Hotel. Las chicas del cable. 
1559,mar-vidal,formacion,*, 
1560,mar-vidal,formacion,*, 
1561,mar-vidal,formacion,*, 
1562,mar-vidal,formacion,*, 
1563,mar-vidal,formacion,*, 
1564,mar-vidal,formacion,*, 
1565,mar-vidal,formacion,*, 
1566,mar-vidal,formacion,*, 
1567,mar-vidal,formacion, , 
1568,mar-vidal,formacion,," Carnets: Coche B1, Pesca clase A (desde tierra o embarcación), Motonáutica (barco hasta 6m eslora)"
1569,mar-vidal,formacion,, Equitación básica
1570,mar-vidal,formacion,, Lengua de signos española: iniciación. Asoc.MANO A MANO. Cartagena. 2013-2014
1571,mar-vidal,formacion, , 
1572,mar-vidal,formacion,Mejor actriz y pareja. Match de Improvisación Francisco Rabal. Cartagena. 2004,2010
1573,mar-vidal,cortometrajes,, EL CACHARRICO. Dir. Oscar Toribio.
1574,mar-vidal,cortometrajes,, LA PARTIDA. Dir. LuiBelda.
1575,mar-vidal,cortometrajes,, LA FOTO. Dir. Lito Campillo.
1576,mar-vidal,videoclip,"""",E
1577,mar-vidal,videoclip,"""",E
1578,mar-vidal,videoclip,"""",Ú
1579,mar-vidal,videoclip,"""",T
